stop_name,avg_delay,p75_delay,factor,trip_count,route_count,lat,lon
10th Cross Magadi Road,6.512,8.67,1.313,911,126,12.976,77.557
10th Stone NICE Road,5.108,6.572,1.047,150,13,12.873,77.499
12th Block Nagarabhavi,5.522,7.312,1.118,352,44,12.96,77.514
14th Main HSR Layout,6.688,9.128,1.379,1286,67,12.916,77.635
18th Main Jayanagara,5.233,6.838,1.05,175,7,12.923,77.59
1st Block Rajajinagara,6.203,7.91,1.238,806,42,13.005,77.549
1st Block Vidyaranyapura,5.673,7.74,1.163,531,39,13.07,77.555
1st Block Vishweshwaraiah Layout,4.962,6.492,1.021,65,6,12.937,77.479
1st Cross Magadi Road,6.539,8.78,1.302,872,125,12.976,77.563
1st Stage 3rd Block Nagarabhavi (Nayandahalli),5.021,6.71,1.049,163,10,12.953,77.52
1st Stage 3rd Block Nagarabhavi (Summanahalli),5.27,7.09,1.056,173,18,12.953,77.52
3rd Block Jayanagara,6.36,8.192,1.297,977,66,12.932,77.584
3rd Block Jn Banashankari 6th Phase,5.21,6.95,1.024,81,4,12.878,77.517
3rd Block Vidyaranyapura,5.801,7.6,1.161,528,37,13.072,77.556
4th Stone NICE Road,5.089,6.772,1.018,64,2,13.009,77.475
4th T Block Jayanagara,5.221,6.7,1.053,181,8,12.923,77.594
5th Block Jayanagara,5.567,7.43,1.142,479,26,12.917,77.584
5th Cross Magadi Road,6.652,9.03,1.318,924,128,12.976,77.561
5th Phase Yelahanka New Town,5.179,6.742,1.081,277,13,13.106,77.573
5th Stone NICE Road,5.083,6.76,1.018,64,2,12.971,77.471
6th Block Rajajinagara,5.991,7.873,1.212,703,45,12.98,77.554
7th Cross Wilson Garden,6.545,8.482,1.365,1041,157,12.947,77.594
80 feet Road Kalyananagara,5.821,7.845,1.147,429,59,13.026,77.641
80ft Road MS Ramaiah College,5.273,7.262,1.077,285,2,13.028,77.576
8th Main 3rd Cross  Junction,5.116,6.812,1.03,86,12,13.022,77.637
8th Main Kamalanagara,5.621,7.505,1.129,443,20,12.992,77.539
8th Mile Dasarahalli,8.272,10.725,1.682,2046,245,13.046,77.508
9th Block Jayanagara (40th Cross),5.35,6.985,1.052,177,8,12.92,77.592
9th Stone NICE Road,5.016,6.672,1.018,64,2,12.888,77.485
A G Export Garments Nelamangala,5.145,7.015,1.04,95,26,13.12,77.392
AECS Layout Cross,5.928,7.78,1.231,795,35,12.965,77.718
AGS Layout Arehalli,5.309,7.182,1.061,212,8,12.913,77.537
AGS Layout Cross,5.208,6.87,1.066,222,12,12.913,77.541
AMC College,5.723,7.655,1.164,467,71,12.829,77.588
APMC Yard,5.132,6.87,1.031,69,22,13.105,77.444
APS College,5.457,7.322,1.088,238,44,12.783,77.5
ASC Centre,5.319,6.94,1.052,159,18,12.962,77.619
Abbigere,5.274,7.05,1.039,107,19,13.077,77.526
Abbigere Cross,5.193,6.873,1.045,125,21,13.071,77.53
Abbigere Dinne,5.21,7.17,1.052,162,15,13.071,77.528
Abbigere Gate,5.317,7.27,1.073,251,11,13.072,77.524
Acharya College,5.334,7.2,1.119,413,16,13.002,77.488
Adakamaranahalli Cross (Magadi Road),5.153,6.94,1.021,57,11,12.954,77.309
Adakimaranahalli,6.108,8.24,1.236,698,89,13.071,77.445
Adarshanagara,5.19,6.79,1.032,76,20,13.076,77.424
Addiganahalli,5.06,6.972,1.042,78,37,13.173,77.569
Aditya Bakery,5.119,6.76,1.033,109,7,12.904,77.511
Adugodi,5.388,7.15,1.094,314,19,12.944,77.608
Adugodi Police Station,5.309,7.32,1.097,323,20,12.939,77.61
Aduru,5.243,6.87,1.028,73,16,12.733,77.654
Agalakote,4.965,6.71,1.018,54,7,13.213,77.736
Agara,5.083,6.665,1.019,50,10,12.845,77.487
Agara Cross,5.582,7.533,1.141,363,79,12.849,77.522
Agara Junction,8.133,11.16,1.631,2094,132,12.925,77.649
Agrahara Dasarahalli,6.786,8.882,1.368,1089,139,12.979,77.543
Air Lines Dhaba Gate,5.229,7.15,1.024,85,2,13.222,77.741
Airport Trumpet,5.489,7.322,1.117,361,38,13.199,77.658
Ajmeer Apartment Neeladri Road,4.962,6.682,1.022,67,8,12.842,77.647
Akkithimmanahalli,4.917,6.453,1.031,104,6,12.962,77.597
Akkithimmanahalli 1,5.283,6.96,1.036,120,7,12.962,77.596
Akshayanagara,5.142,6.873,1.024,70,10,13.021,77.684
Aladamara Laggere,5.273,6.892,1.087,291,18,13.013,77.521
Aladamara Papareddypalya,5.507,7.482,1.102,312,34,12.975,77.509
Alisda,5.525,7.14,1.132,405,44,13.034,77.541
Allalasandra Gate,8.434,11.155,1.71,2153,245,13.087,77.594
Ambedkar Institute of Technology,5.744,7.61,1.189,600,53,12.963,77.505
Ambedkar Nagara,6.072,8.002,1.173,530,57,12.899,77.713
Amma Ashrama Cross,5.358,7.102,1.079,264,16,12.95,77.489
Amruth Sweets,5.117,6.902,1.04,146,2,12.909,77.642
Amrutha Engineering College,4.984,6.703,1.021,55,12,12.896,77.675
Amruthahalli,5.224,7.042,1.046,116,26,13.066,77.601
Ananda Ashrama (BGT Rd),5.962,7.72,1.196,577,76,12.928,77.601
Ananda Rao Circle,6.868,9.2,1.373,1113,137,12.981,77.575
Anandapura,5.255,6.84,1.024,70,10,13.024,77.693
Ananthapura Gate,5.644,7.842,1.132,319,84,13.115,77.579
Anchepalya,7.16,9.222,1.46,1213,244,13.055,77.479
Andhrahalli,5.48,7.38,1.122,417,19,13.008,77.485
Andhrahalli Gate,5.123,6.61,1.042,120,18,13.115,77.745
Andhrahalli Govt School,5.411,7.315,1.121,416,18,13.01,77.483
Anekal,5.728,7.8,1.136,437,36,12.709,77.696
Anekal Circle,5.508,7.252,1.108,351,26,12.717,77.7
Anekal Road Junction,5.21,7.022,1.03,82,14,12.768,77.77
Anepalya,5.208,6.812,1.05,158,15,12.953,77.605
Anjananagara,6.082,8.16,1.242,674,112,12.986,77.488
Anjanapura,5.464,7.232,1.083,263,23,12.862,77.564
Anjanapura 10 Block,5.029,6.61,1.016,60,1,12.856,77.569
Anjaneya Temple Bidaraguppe,5.169,6.79,1.039,99,22,12.801,77.783
Anjaneya Temple Devanahalli,4.996,6.64,1.019,56,8,13.235,77.713
Anjaneya Temple Nelamangala,6.05,8.192,1.236,725,77,13.097,77.398
Anjaneya Temple Thigalarapalya,5.558,7.562,1.121,416,18,13.014,77.483
Annapoorneshwari nagara Cross,5.145,6.94,1.037,124,8,12.97,77.497
Annapoorneshwarinagara Cross,5.245,6.922,1.04,133,8,12.97,77.497
Annapoorneshwarinagara Water Tank,5.082,6.64,1.016,50,4,12.972,77.497
Annapurneshwari Badavane,5.128,6.742,1.027,72,14,13.139,77.508
Anugondanahalli Cross,5.075,6.695,1.024,52,18,12.959,77.816
Aparel Park,5.381,7.072,1.072,229,20,13.273,77.552
Apex Bank,5.337,7.022,1.064,196,21,12.942,77.556
Apollo Hospital,6.006,8.042,1.234,683,94,12.897,77.6
Aradeshanahalli Gate,5.513,7.15,1.092,260,41,13.216,77.553
Arakere Gate,6.171,8.335,1.246,721,96,12.891,77.598
Aralimara (PK Kalyana Mantapa ),5.305,7.16,1.065,181,30,12.88,77.625
Aralimara Industrial Area  Rajajinagara,5.198,7.08,1.072,240,14,12.979,77.549
Aralimara Sunkadakatte,5.089,7.092,1.021,72,4,12.992,77.505
Aravinda Limited,5.07,6.533,1.044,140,13,12.815,77.67
Arch Lingadeeranahalli,5.799,7.762,1.13,450,18,13.0,77.489
Arch Railway Gollahalli,5.217,6.943,1.026,55,20,13.148,77.412
Arebic College,5.82,7.88,1.157,461,61,13.03,77.621
Arehalli,5.54,7.54,1.12,333,56,12.763,77.767
Arishinakunte,6.524,8.392,1.285,879,92,13.201,77.774
Art Of Living,5.032,6.792,1.039,108,18,12.823,77.514
Art Of Living (Kanakapura Road),5.267,6.762,1.084,208,51,12.823,77.514
Art Of Living Ravishankar Ashram,5.577,7.342,1.127,326,71,12.829,77.513
Ashoka Pillar,5.787,7.652,1.177,589,36,12.944,77.585
Ashrama Ramohalli,5.243,6.91,1.057,128,41,12.906,77.429
Ashwath Nagara,5.877,7.693,1.171,496,70,13.053,77.631
Ashwathkatte Sultanpalya,5.147,6.873,1.063,207,15,13.025,77.603
Ashwathnagara,5.547,7.29,1.12,418,16,13.027,77.58
Attibele,4.957,6.55,1.032,86,16,12.778,77.77
Attibele Bus Stand,5.977,7.912,1.221,720,52,12.779,77.771
Attibele Sulibele,5.0,6.67,1.04,133,8,13.17,77.794
Attiguppe,6.369,8.42,1.321,1058,71,12.958,77.534
Atturu Layout,6.533,8.632,1.331,1131,54,13.098,77.568
Austin Town,5.458,7.402,1.097,320,21,12.962,77.615
Austin Town Neelasandra,4.93,6.43,1.03,97,7,12.962,77.613
Auto Gas/Royal School,5.27,7.142,1.068,221,17,12.901,77.586
Avadadenahalli Gate,5.254,6.86,1.077,240,24,12.747,77.708
Avalahalli,6.028,7.88,1.219,604,104,12.873,77.567
Avalahalli BDA Park Girinagara,4.932,6.6,1.018,56,6,12.943,77.543
Avalahalli Hosakote,6.164,8.27,1.215,604,97,13.036,77.735
Avinash Petrol Bunk,5.185,7.16,1.031,103,7,12.99,77.589
Ayyappa Temple Jalahalli Cross,5.756,7.533,1.171,574,33,13.046,77.522
Ayyappa Temple Yashawanthapura,6.531,8.662,1.319,989,100,13.022,77.563
Ayyappaswamy Temple Madivala,5.736,7.78,1.149,474,41,12.925,77.618
B Channasandra Bridge(Ramamurthy Nagara Ring Road),8.169,11.0,1.58,1883,141,13.013,77.663
B Marenahalli,5.097,6.67,1.019,57,7,13.17,77.74
B Narayanapura,5.659,7.505,1.17,417,104,13.0,77.684
B Narayanapura Ring Road,6.44,8.648,1.321,1067,66,12.996,77.684
BDA Complex Cross Nagarabhavi,5.312,7.14,1.075,240,20,12.972,77.513
BDA Complex HSR Layout,5.037,6.62,1.032,107,7,12.913,77.638
BDA Complex Koramangala,5.571,7.142,1.126,389,40,12.931,77.622
BDA Complex Nagarabhavi,5.429,7.36,1.103,313,35,12.98,77.511
BEL Circle,8.126,10.495,1.632,1977,189,13.046,77.557
BEL Hospital,5.784,7.75,1.154,515,31,13.051,77.557
BEL Market,5.515,7.322,1.117,358,39,13.052,77.552
BEL Market 1,5.376,7.025,1.101,323,27,13.052,77.552
BEML Complex,5.449,7.572,1.107,342,29,12.92,77.52
BEML Gate,5.427,7.342,1.078,191,49,12.971,77.659
BEML Layout 5th stage,6.0,7.722,1.163,513,47,12.907,77.521
BEML Layout Gate,5.971,7.89,1.226,780,33,12.961,77.716
BGS Health City Gate Abhiman Studio,5.253,7.052,1.046,141,15,12.907,77.499
BHEL,8.488,11.422,1.684,2039,252,12.845,77.66
BK Circle,5.792,7.455,1.145,442,49,12.871,77.583
BPL,7.853,10.352,1.567,1646,230,12.985,77.748
BRV Talkies Cubbon Road,5.119,6.762,1.07,184,38,12.979,77.603
BTL College,6.46,8.8,1.316,949,113,12.812,77.695
BTM Layout 16th Main,6.919,9.34,1.354,1186,70,12.917,77.609
BTM Layout Water Tank,6.666,8.93,1.362,1205,75,12.917,77.607
BUC ADM Block,5.578,7.443,1.148,494,30,12.95,77.501
BUC Ladies Hostel,5.68,7.58,1.146,488,29,12.942,77.506
BUC Library,5.7,7.41,1.146,488,29,12.944,77.504
BUC Quarters,5.141,6.863,1.049,168,7,12.952,77.499
BWSSB Quarters Nayandahalli,7.219,9.35,1.461,1337,187,12.94,77.524
BWSSB Tavarekere,5.089,6.83,1.041,114,19,12.97,77.399
Babusabpalya,6.924,9.252,1.427,1368,112,13.023,77.647
Bachahalli Gate,5.729,7.732,1.121,369,41,13.212,77.673
Bachenahatti,5.191,6.79,1.02,52,10,12.955,77.304
Bagalagunte,6.109,8.252,1.252,724,106,13.057,77.507
Bagalur,6.174,8.26,1.216,607,97,13.135,77.668
Bagalur Colony,5.198,6.75,1.058,123,44,13.141,77.671
Bagalur Cross,6.596,8.952,1.35,976,160,13.122,77.611
Bagalur Santhe,6.024,7.855,1.208,588,92,13.133,77.667
Bagluru Old police Station,5.559,6.96,1.078,202,44,13.13,77.667
Baladimmanahalli,5.034,6.685,1.018,53,6,13.19,77.743
Balaji Badavane Sulikere,4.909,6.33,1.031,103,7,12.936,77.443
Balepura Gate,4.987,6.69,1.029,98,5,13.198,77.777
Bamboo Bazaar,8.105,10.755,1.581,1756,203,12.992,77.604
Banasawadi,5.589,7.783,1.125,427,21,13.015,77.652
Banashankari,5.796,7.598,1.144,381,76,12.916,77.574
Banashankari 1st Stage Muneshwara Block KEB,5.199,7.04,1.03,86,12,12.942,77.551
Banashankari Bus Station,8.87,11.47,1.795,2574,198,12.918,77.574
Banashankari Hunasemara,5.582,7.46,1.109,327,40,12.92,77.574
Banashankari Post Office,5.024,6.582,1.025,85,5,12.926,77.57
Bandapura Gate,5.964,7.848,1.201,570,88,13.042,77.745
Bande Kodigehallipalya Cross,5.092,6.82,1.036,81,26,13.173,77.691
Bande Mutt Gate Kengeri,5.333,7.042,1.068,221,17,12.919,77.477
Banglow Sulikere,5.172,6.828,1.044,147,9,12.933,77.452
Bank Amruthahalli,5.082,6.642,1.038,92,24,13.066,77.598
Bank Circle Bashettyhalli,5.382,7.203,1.072,229,20,13.258,77.553
Bank Colony,6.002,7.84,1.166,550,35,12.939,77.553
Bannerughatta Circle,5.718,7.59,1.171,482,76,12.814,77.581
Bannerughatta National Park,5.131,6.82,1.043,141,10,12.801,77.578
Bapujinagara,5.896,7.812,1.176,497,78,12.953,77.542
Basappa Circle,6.297,8.595,1.282,782,132,12.956,77.577
Basavanagara,5.074,6.672,1.028,84,10,12.967,77.683
Basavanagara Kengeri,5.924,7.89,1.217,510,145,12.901,77.467
Basavanagudi Police Station,6.162,8.36,1.27,832,86,12.942,77.574
Basavanahalli,5.187,7.04,1.042,99,28,13.11,77.388
Basavanahalli Cross,5.172,7.155,1.045,104,31,13.102,77.389
Basavanapura Gate,6.082,8.182,1.239,682,102,12.846,77.588
Basavanna Devasthana CK Palya,5.181,6.73,1.048,137,21,12.844,77.606
Basavanna Temple Hoovinayakanahalli,5.144,6.778,1.034,71,26,13.168,77.688
Basaveshwara College,5.967,8.21,1.216,710,48,12.994,77.553
Basaveshwaranagara New Bus Stand,5.058,6.74,1.028,77,13,12.988,77.534
Bashettalli,5.275,7.07,1.076,237,23,13.262,77.553
Bashyam Circle Rajajinagara,5.889,7.94,1.215,702,50,12.985,77.554
Bashyam Circle Sadashivanagara,5.336,7.152,1.062,208,12,13.006,77.579
Bayyanapalya,5.679,7.662,1.157,392,93,12.876,77.544
Bayyandahalli,5.049,6.962,1.022,51,15,13.006,77.442
Bayyandahalli Colony,5.1,6.91,1.021,50,14,13.003,77.442
Bayyappanahalli Cross,5.375,7.11,1.073,254,10,12.985,77.642
Bayyappanahalli Metro Station,6.277,8.23,1.274,695,159,12.99,77.655
Beedi Karmikara Colony Gate,5.205,6.775,1.068,220,16,12.922,77.475
Beerasandra Chapradakallu,4.947,6.613,1.02,59,8,13.28,77.62
Begihalli,5.596,7.44,1.094,255,47,12.798,77.604
Beguru,5.55,7.36,1.133,374,59,13.183,77.68
Beguru Lake,5.615,7.632,1.082,242,32,12.878,77.625
Beguru Nice Road Junction,5.096,6.812,1.026,66,15,12.854,77.609
Bellahalli,5.13,6.665,1.027,71,15,13.099,77.642
Bellahalli Cross,5.652,7.562,1.117,358,39,13.102,77.634
Bellahalli Cross THS Main Road,5.219,7.05,1.032,86,17,13.101,77.635
Bellanduru City Light Appartment,6.249,8.45,1.25,854,41,12.924,77.673
Bellanduru City light Apartment,6.141,8.13,1.246,840,40,12.925,77.674
Bellanduru Gate SJP Road,5.969,7.945,1.175,518,67,12.919,77.67
Bellanduru Petrol Bunk,6.982,9.18,1.422,1440,71,12.923,77.67
Bellathur,5.469,7.258,1.105,305,43,13.004,77.757
Bengaluru Central Jail,5.213,6.912,1.029,70,18,12.874,77.666
Bengaluru Children Hospital,4.968,6.64,1.018,64,2,12.91,77.513
Bengaluru Dairy Circle,8.374,11.09,1.678,1997,262,12.935,77.601
Bengaluru High School,6.266,8.465,1.288,940,68,12.952,77.567
Bengaluru University Gate,6.795,9.052,1.366,1036,160,12.936,77.513
Bengaluru University Quarters,5.748,7.565,1.136,433,38,12.952,77.5
Benniganahalli,6.438,8.542,1.271,690,155,12.994,77.663
Best County,5.239,7.11,1.061,143,41,13.089,77.545
Besthamanahalli,5.026,6.73,1.025,76,9,12.731,77.727
Bettadasanapura,5.396,7.21,1.051,149,21,12.842,77.632
Bettahalasuru Cross,7.745,10.262,1.497,1594,131,13.157,77.623
Bettahalli Layout,6.507,8.94,1.317,1093,47,13.092,77.56
Bettakote,4.856,6.432,1.018,54,7,13.199,77.739
Bevina Mara Kannamangala,5.41,7.08,1.086,249,36,13.028,77.76
Bhadrappa Layout,6.223,8.01,1.236,708,85,13.047,77.573
Bhagya Nagara,5.16,7.05,1.063,172,31,12.861,77.586
Bhakthi Yoga Ashrama,5.042,6.652,1.024,70,10,13.023,77.689
Bhakthipura Cross,5.156,6.89,1.027,79,11,12.757,77.762
Bharathi Nagara,5.957,7.94,1.223,605,111,13.138,77.618
Bharathi Nursing Home Jayanagara,5.339,6.94,1.062,202,15,12.937,77.574
Bhattarahalli,5.993,8.092,1.203,568,93,13.02,77.71
Bheemanakuppe Cross,5.216,6.755,1.059,134,42,12.895,77.437
Bhodhana Hosahalli,5.576,7.592,1.076,149,64,12.979,77.802
Bhoopasandra,5.721,7.675,1.122,420,18,13.042,77.581
Bhoopasandra Ayyappa Bakery,5.484,7.342,1.108,374,15,13.043,77.577
Bhuvanahalli Gate,5.406,7.342,1.117,354,40,13.219,77.68
Bhuvaneshwari Nagara,5.104,6.795,1.025,76,8,13.032,77.605
Bhuvaneshwari Nagara 1st Stage,5.225,7.04,1.079,252,22,12.942,77.49
Bhuvaneshwari Nagara 2nd Stage,5.309,7.03,1.079,252,22,12.943,77.487
Bhuvaneshwari Petrol Bunk,5.019,6.67,1.02,55,9,13.139,77.351
Bible  College Byrathi,5.466,7.17,1.102,258,60,13.071,77.651
Bidadi,5.658,7.8,1.124,381,41,12.797,77.385
Bidadi Railway Station,5.566,7.432,1.07,199,31,12.8,77.391
Bidalapura Cross,5.045,6.72,1.019,60,5,13.197,77.778
Bidaraguppe,5.157,7.25,1.04,102,23,12.806,77.783
Bidarahalli,5.106,6.94,1.035,92,19,13.065,77.717
Bidarahalli Cross,5.183,6.74,1.042,105,24,13.057,77.715
Bidarahalli School,5.071,6.7,1.04,103,23,13.06,77.716
Big Bazzar  ITPL,5.27,7.14,1.052,186,5,12.988,77.732
Big Bazzar ITPL,6.028,8.125,1.28,794,122,12.988,77.732
Bilekahalli,6.158,8.22,1.275,826,98,12.901,77.601
Bileshivale,5.175,6.86,1.029,78,14,13.054,77.671
Billa Kempanahalli Gate,5.393,7.072,1.058,164,26,12.812,77.404
Billapura,5.059,6.78,1.04,103,22,12.837,77.785
Binnamangala,7.452,10.22,1.504,1435,217,12.984,77.641
Binnamangala Towads Nelamangala),5.596,7.525,1.114,340,42,13.087,77.412
Binny MIll,5.161,6.943,1.021,53,12,12.965,77.568
Binny Mill,5.529,7.462,1.113,317,51,12.971,77.566
Binnypet,5.48,7.322,1.129,373,53,12.964,77.562
Biocon Jigani Road,5.368,7.123,1.044,140,13,12.808,77.664
Biscuits Factory,5.049,6.795,1.035,72,28,12.989,77.813
Bolare,5.045,6.61,1.033,94,14,12.754,77.485
Bolare Gate,5.141,6.925,1.018,53,6,12.754,77.485
Bommanahalli,7.464,9.882,1.536,1589,202,13.121,77.368
Bommanahalli Fly Over,5.172,6.67,1.056,185,13,12.906,77.63
Bommasandra,6.458,8.452,1.356,1076,125,12.819,77.689
Bommawara Gate,4.905,6.35,1.02,60,8,13.265,77.68
Bone Mill,6.041,8.15,1.25,722,104,13.064,77.505
Book Factory Thanisandra,5.689,7.68,1.143,426,53,13.062,77.633
Boorugunte,5.249,7.08,1.04,103,22,12.842,77.784
Born Babies,5.176,6.852,1.04,146,2,12.909,77.638
Brigade Atmosphere,5.262,6.94,1.034,107,10,13.265,77.739
Brigade Millenium,5.521,7.41,1.11,367,23,12.892,77.583
Brigade Road,5.139,6.91,1.029,96,6,12.971,77.607
Brook Steel ESI,5.732,7.592,1.172,421,106,12.993,77.705
Brooke Bond,6.179,8.272,1.197,602,66,12.964,77.748
Brundavana Badavane,5.048,6.642,1.028,80,11,12.721,77.718
Brundavana Peenya,6.449,8.752,1.294,946,75,13.02,77.508
Budigere,5.304,7.215,1.057,162,25,13.135,77.748
Budigere Cross,6.285,8.57,1.249,703,111,13.047,77.751
Budihal Gate,5.184,6.842,1.044,141,12,13.131,77.359
Byadarahalli,6.417,8.605,1.28,825,108,12.987,77.257
Byagadadenahalli Gate,5.313,7.152,1.079,243,25,12.752,77.707
Byatarayanapura,8.628,11.142,1.751,2263,266,13.067,77.594
Bychapura,4.898,6.53,1.02,57,9,13.224,77.713
Bychapura Appartment,5.206,6.873,1.018,54,7,13.222,77.718
Byramangala Cross,5.227,6.895,1.071,200,32,12.802,77.397
Byrasandra Cross,5.179,6.91,1.046,136,17,12.975,77.668
Byrathi Bande,5.783,7.652,1.132,347,71,13.078,77.654
Byrathi Cross,5.708,7.332,1.126,316,74,13.057,77.648
Byraveshwaranagara,5.729,7.703,1.117,360,38,12.965,77.523
Byregowdanahalli Colony,5.29,7.352,1.034,102,13,13.064,77.394
Byregowdanahalli3,5.057,6.772,1.028,83,10,13.059,77.394
Byrohalli Gate,5.106,6.89,1.044,147,9,12.934,77.448
C Q A L,5.306,7.142,1.081,251,25,13.012,77.593
C R P F Yelahanka,5.492,7.17,1.129,315,81,13.123,77.576
CBI,7.808,10.262,1.658,1936,255,13.027,77.586
CK Palya Cross,5.095,6.832,1.047,133,20,12.84,77.594
CMH Hospital,5.463,6.992,1.086,239,40,12.978,77.647
CMRIT College,6.02,7.992,1.226,780,33,12.968,77.714
CMTI,6.998,9.282,1.452,1337,172,13.033,77.534
CPRI,5.45,7.12,1.106,340,27,13.015,77.575
CPRI Quarters,5.818,7.675,1.165,577,21,13.022,77.572
CPWD Quarters HSR Layout,5.2,6.882,1.05,168,10,12.914,77.652
CR Police Ground,5.463,7.28,1.097,287,36,12.963,77.56
CS-Bagmane Tech Park,5.06,6.83,1.02,50,11,12.979,77.664
CSI Hospital,6.946,9.44,1.392,1189,135,12.99,77.599
Canara Bank Begur,5.568,7.25,1.085,249,34,12.885,77.625
Canara Bank Hebbala,7.732,10.572,1.565,1605,246,13.036,77.589
Canara Bank Koramangala,5.658,7.292,1.138,430,42,12.935,77.624
Canara Bank Millers Road,5.043,6.512,1.022,69,6,12.995,77.602
Canara Bank Rajajinagara 1st Block,5.619,7.48,1.129,418,32,13.001,77.55
Canara Bank Tannery Road,5.583,7.432,1.16,466,64,13.006,77.612
Canara Bank Vidyaranyapura,5.197,7.08,1.052,155,19,13.072,77.556
Cantonment Railway Station,6.959,9.32,1.385,1166,134,12.995,77.597
Cargo Village,5.97,7.85,1.175,610,23,13.2,77.682
Carmel Convent Jayanagara,5.468,7.04,1.114,349,38,12.927,77.597
Carmelram Gate,5.976,7.722,1.194,580,71,12.903,77.704
Cauvery Bhavana,6.003,8.322,1.238,708,88,12.974,77.582
Cauvery Nagara,5.311,7.03,1.077,277,6,13.0,77.531
Central,8.605,11.755,1.791,2443,252,12.99,77.572
Central Silk Board,8.401,11.37,1.719,2409,141,12.918,77.624
Chaithanya Samarpan Apartment,5.364,7.22,1.086,249,36,13.021,77.762
Chakkalatti,5.244,7.162,1.078,202,44,13.123,77.668
Chamarajapet,7.957,10.462,1.59,1766,214,12.957,77.568
Chambenahalli,5.818,7.92,1.192,585,64,12.879,77.762
Chamundeshwari Layout,5.681,7.772,1.151,505,30,13.065,77.56
Chandapura,6.788,9.155,1.37,1125,127,12.803,77.705
Chandapura KEB,5.609,7.36,1.119,358,43,12.799,77.706
Chandra Layout,5.424,7.222,1.09,260,38,12.959,77.527
Chandra Layout Circle,5.359,7.1,1.077,202,41,12.958,77.527
Chandra Public School,5.526,7.25,1.075,202,37,12.96,77.53
Chandrappa Circle,5.061,6.78,1.035,72,28,12.911,77.37
Chandrappanagara,5.228,7.155,1.032,107,6,12.941,77.603
Channadasipalya,5.437,7.28,1.092,228,55,12.971,77.415
Channahalli Gate,4.837,6.21,1.024,85,2,13.213,77.755
Channammanakere Achukattu,5.028,6.38,1.026,82,7,12.928,77.556
Channappa Circle,5.017,6.592,1.024,51,19,12.91,77.373
Channasandra,6.269,8.04,1.237,621,128,12.903,77.521
Channasandra Colony,5.403,7.14,1.053,160,19,12.903,77.516
Channenahalli,5.374,7.268,1.092,229,56,12.978,77.431
Channenahalli Arch,5.447,7.345,1.09,226,54,12.98,77.435
Chapradakallu,4.973,6.57,1.014,50,1,13.279,77.625
Charls School Toll Gate,5.428,7.05,1.126,301,82,13.006,77.621
Chatra (Yeliyuru Gate),4.999,6.74,1.035,108,11,13.277,77.758
Cheemasandra Gate,5.84,7.95,1.198,565,85,13.039,77.74
Chikka Banavara,6.224,8.252,1.268,803,96,13.081,77.503
Chikka Basti,5.147,6.84,1.021,64,7,12.945,77.475
Chikka Basti Masjid,5.073,6.82,1.054,175,13,12.942,77.474
Chikka Bettahalli,6.491,8.7,1.324,1110,51,13.089,77.556
Chikka Bommasandra Cross,7.178,9.465,1.428,1451,75,13.094,77.583
Chikka Byalakere,5.033,6.703,1.043,105,27,13.12,77.522
Chikka Gollarahatti,5.922,7.772,1.209,592,91,12.991,77.466
Chikka Gubbi Cross,5.404,7.28,1.093,239,53,13.084,77.654
Chikka Hagade Gate,5.468,7.162,1.075,235,22,12.731,77.706
Chikka Sanne Gate,5.481,7.123,1.119,364,39,13.23,77.691
Chikka Tattamangala Gate,5.091,6.69,1.035,108,11,13.28,77.763
Chikka Thirupathi,5.261,6.992,1.028,61,20,12.895,77.867
Chikkabanavara Railway Station,5.976,7.882,1.213,622,84,13.076,77.505
Chikkabidarakallu,6.231,8.202,1.253,722,108,13.052,77.488
Chikkahosahalli Gate,5.169,6.925,1.024,85,2,13.207,77.763
Chikkajala,7.174,9.622,1.458,1507,103,13.173,77.633
Chikkallasandra,5.023,6.572,1.042,138,9,12.915,77.552
Chikkallasandra Aralimara,5.515,7.352,1.138,414,49,12.912,77.552
Chikkallasandra Bank Colony,5.497,7.162,1.096,277,39,12.909,77.549
Chikkammanapalya,5.022,6.502,1.027,96,3,12.95,77.423
Chikkanahalli,5.097,6.792,1.05,103,40,12.882,77.355
Chikkegowdanapalya,5.075,6.73,1.039,124,11,12.879,77.515
Chinnaswamy Stadium,5.062,6.75,1.024,71,9,12.977,77.599
Chinnayyanapalya Silk Farm,5.843,7.64,1.152,395,84,12.854,77.523
Chokkanahalli,5.016,6.752,1.027,64,17,13.082,77.625
Chokkanahalli Gate,5.626,7.275,1.122,361,46,13.085,77.635
Cholanayakanahalli,5.209,7.002,1.025,65,14,12.96,77.36
Choodasandra Circle,5.166,6.98,1.024,57,15,12.889,77.673
Choudappa Layout,5.111,6.76,1.035,80,24,13.11,77.528
Chowdareddy Circle,5.739,7.67,1.137,434,38,12.711,77.699
Chowdeshwarinagara,5.162,6.73,1.045,130,18,12.998,77.399
Chowdeshwarinagara Bus Stand,5.163,6.892,1.025,91,1,13.001,77.521
Chowdeshwarinagara JP Park,5.33,7.212,1.041,124,15,13.033,77.554
Christ School,5.122,6.682,1.028,63,19,12.799,77.512
Christal House Learning School,5.084,6.9,1.028,72,16,13.094,77.652
Chunchanakuppe,4.989,6.575,1.036,71,30,12.91,77.386
Cipla Avalahalli,5.952,7.863,1.199,551,93,13.033,77.731
City Civil Court,5.203,6.93,1.033,81,20,12.973,77.582
Clarence School,5.313,6.842,1.059,152,33,13.003,77.617
Coffee Day Hope Farm,5.828,7.715,1.162,518,43,12.98,77.752
Coles Park,8.084,11.062,1.605,1828,211,12.995,77.608
Coles Road,6.336,8.658,1.286,964,54,12.996,77.612
College Cross Byadarahalli,6.167,8.68,1.228,645,100,12.986,77.48
Commando Hospital,6.183,8.31,1.277,810,110,12.963,77.628
Concord Apartment Electronic City,5.218,6.84,1.048,136,21,12.841,77.652
Corporation,13.341,17.832,2.711,4995,681,12.968,77.589
Country Club Bagaluru,5.586,7.61,1.136,402,52,13.123,77.639
Crown Plaza,5.224,7.005,1.079,251,22,12.851,77.66
Crystal Apartment Sarjapura Road,5.846,7.832,1.188,578,61,12.868,77.767
Cubbon Park Metro Station,4.969,6.49,1.02,58,9,12.981,77.598
Cunningham Road,7.722,10.132,1.493,1508,163,12.988,77.594
C‌ Q A L,5.207,7.115,1.067,226,12,13.012,77.593
D Cross Doddaballapura,5.279,7.22,1.089,291,21,13.307,77.546
D Group Employees Layout Srigandhada Kaval,4.966,6.533,1.017,54,5,12.978,77.499
D Souza Circle,4.819,6.44,1.021,60,9,12.968,77.611
DHFL,5.739,7.682,1.175,610,23,13.199,77.696
Dalai Lama College,5.229,6.863,1.068,181,36,12.85,77.425
Dalmia Circle,4.95,6.502,1.03,80,16,12.906,77.595
Dargha,5.213,7.125,1.035,108,11,13.287,77.774
Dasanapura,6.163,8.332,1.254,755,95,12.748,77.774
Dasappanapalya,5.44,7.25,1.097,325,19,13.079,77.506
Dasarahalli Kere,5.132,6.9,1.033,102,10,12.986,77.542
Dasenahalli Cross,5.06,6.908,1.028,66,19,13.141,77.465
Dattatreya Temple Malleshwara,5.233,7.12,1.063,215,10,12.999,77.575
Dayananda Sagar College,5.268,6.953,1.048,142,18,12.909,77.565
Dayananda Sagar Vidya Samste,5.475,7.22,1.127,326,71,12.825,77.514
Deccan,5.213,6.982,1.088,257,34,12.902,77.627
Deepa Complex,5.781,7.572,1.181,578,49,12.967,77.505
Deepak Factory,6.065,8.135,1.257,731,111,13.047,77.501
Deepak Nursing Home,5.708,7.44,1.15,428,65,12.925,77.577
Deepanjalinagara,7.433,9.652,1.511,1615,145,12.954,77.536
Dell,5.273,7.033,1.05,162,13,12.953,77.64
Dell Domluru,5.055,6.762,1.056,187,11,12.953,77.641
Depot-02 Shanthinagara,4.919,6.6,1.024,88,1,12.954,77.595
Depot-03 Shanthinagara,5.066,6.68,1.02,72,1,12.955,77.596
Depot-04 Jayanagara,5.016,6.54,1.023,82,2,12.925,77.593
Depot-06 Gate,6.402,8.31,1.318,811,181,12.983,77.634
Depot-06 Indiranagara,5.05,6.86,1.026,94,1,12.982,77.634
Depot-07 Subhashnagara,4.982,6.59,1.029,106,1,12.979,77.572
Depot-08 Yashawanthapura,5.017,6.542,1.028,103,2,13.018,77.556
Depot-09 Peenya,5.242,6.94,1.027,97,2,13.02,77.5
Depot-10 Gate,5.787,7.312,1.188,488,104,13.028,77.632
Depot-10 Hennuru,4.969,6.572,1.02,70,2,13.026,77.632
Depot-11 Puttenahalli,4.864,6.41,1.023,82,2,13.111,77.579
Depot-12 Gate,6.115,8.18,1.232,628,115,12.905,77.471
Depot-12 Kengeri,5.155,6.812,1.061,222,4,12.904,77.473
Depot-13 Kathriguppe,4.858,6.49,1.026,96,1,12.925,77.554
Depot-14 RT Nagara,5.148,7.15,1.026,90,4,13.029,77.593
Depot-15 Koramangala,5.158,6.73,1.02,75,1,12.941,77.625
Depot-16 Deepanajalinagara,5.04,6.75,1.029,108,1,12.951,77.537
Depot-17 Chandra Layout,5.226,7.01,1.027,99,1,12.959,77.527
Depot-18 White Field,5.22,7.145,1.015,55,1,12.977,77.726
Depot-19 Electronic City,5.251,7.0,1.025,88,3,12.847,77.672
Depot-20 Banashankari,5.123,6.882,1.026,89,4,12.919,77.571
Depot-21 BEML Layout,5.005,6.48,1.025,92,1,12.907,77.52
Depot-23 Kalyana Nagara,4.791,6.44,1.019,66,2,13.027,77.639
Depot-24 Gate,5.331,7.16,1.11,333,39,13.003,77.682
Depot-24 ITI Layout,5.137,6.822,1.033,112,6,13.002,77.684
Depot-25 Gate,6.237,8.23,1.275,949,41,12.92,77.645
Depot-25 Gate (Central Silk Board),5.887,8.0,1.218,736,39,12.92,77.643
Depot-25 HSR Layout,5.026,6.885,1.021,78,1,12.92,77.645
Depot-26 Yeshawanthapura,5.239,6.732,1.026,96,1,13.019,77.555
Depot-27 Gate,5.198,6.91,1.052,161,17,12.78,77.634
Depot-27 Jigani,5.235,7.21,1.03,108,2,12.78,77.634
Depot-28 Hebbala,5.14,6.922,1.02,73,1,13.044,77.593
Depot-29 KR Puram,5.107,6.8,1.026,94,2,13.004,77.692
Depot-30 Puttenahalli,5.131,7.0,1.026,93,2,13.11,77.578
Depot-31 Gate,5.893,7.81,1.209,643,67,12.993,77.521
Depot-31 Summanahalli,5.077,6.79,1.029,104,2,12.993,77.522
Depot-32 Suryacity,5.33,6.882,1.031,114,2,12.79,77.707
Depot-33 Poornapragna layout,4.955,6.58,1.026,95,1,12.91,77.536
Depot-34 Gate,5.415,7.302,1.087,224,49,12.87,77.586
Depot-34 Kottanur,4.927,6.623,1.03,109,2,12.872,77.586
Depot-35 Gate,5.207,7.082,1.052,158,18,12.973,77.443
Depot-35 Kannalli,4.952,6.672,1.028,103,1,12.973,77.443
Depot-36 Bidadi,5.017,6.86,1.017,59,2,12.769,77.414
Depot-36 Gate,5.039,6.642,1.031,97,9,12.768,77.414
Depot-37 Kengeri,5.055,6.71,1.023,86,1,12.913,77.488
Depot-38 Chikkanagamangala,5.104,6.8,1.016,55,2,12.85,77.692
Depot-38 Gate,5.405,7.142,1.06,147,38,12.849,77.692
Depot-39 Hoskote,5.132,6.582,1.024,81,4,13.068,77.782
Depot-40 Dasanapura,5.104,6.895,1.018,64,2,13.074,77.445
Depot-40 Gate,5.619,7.363,1.138,383,64,13.069,77.448
Depot-41 Gate,5.213,6.912,1.069,172,42,12.921,77.742
Depot-41 Gunjuru,5.018,6.51,1.021,76,2,12.922,77.743
Depot-42 Gate  Arrival,5.122,6.892,1.024,72,9,12.895,77.706
Depot-43 Gate,5.203,6.912,1.046,127,22,13.066,77.426
Depot-43 Shivanapura,5.015,6.82,1.028,98,3,13.067,77.426
Depot-44 Anjanapura,4.985,6.67,1.018,63,2,12.855,77.57
Depot-45 Gate,6.617,9.112,1.318,1040,74,13.083,77.551
Depot-45 MS Palya,5.069,6.76,1.027,96,2,13.084,77.55
Depot-47 Gate,5.133,6.88,1.017,52,5,13.085,77.732
Depot-47 Manduru,5.071,6.74,1.022,71,5,13.085,77.731
Depot-48 Byrathibande,5.044,6.79,1.016,60,1,13.077,77.654
Depot-48 Gate,5.174,6.822,1.029,82,12,13.078,77.655
Depot-49 Bidadi,5.179,6.945,1.043,161,1,12.802,77.393
Depot-50 Devanahalli,5.066,6.98,1.021,74,2,13.247,77.717
Depot-51 Sadaramangala Arrival,4.83,6.49,1.018,58,5,12.996,77.726
Deshnarayanaswamy Temple,5.097,6.92,1.029,80,13,13.137,77.746
Deva Machohalli Cross,5.285,7.062,1.028,70,16,12.966,77.381
Devagere Cross,5.017,6.69,1.034,79,23,12.864,77.457
Devaiah Park,6.423,8.492,1.313,1057,58,12.996,77.564
Devanagondi,4.849,6.608,1.028,60,22,12.974,77.839
Devanahalli Bypass NH-7,5.532,7.38,1.117,360,38,13.242,77.704
Devanahalli Cross Sulibele,5.318,7.363,1.069,236,11,13.185,77.798
Devanahalli Govt Hospital,5.128,6.75,1.034,107,10,13.257,77.727
Devanahalli New Bus Station,5.845,7.762,1.183,580,52,13.245,77.713
Devanahalli Old Bus Stand,5.489,7.29,1.151,464,49,13.249,77.715
Devanahalli Talluk Office,5.629,7.53,1.116,358,38,13.244,77.709
Devannanapalya,6.093,8.19,1.226,683,78,13.078,77.431
Devarabisanahalli Ring Road,7.114,9.552,1.428,1457,73,12.931,77.687
Devasandra Chikkamaranahalli,5.194,6.905,1.081,270,16,13.036,77.567
Devegowda Hospital,5.248,6.9,1.034,102,13,12.92,77.56
Devegowda Petrol Bunk,6.258,8.072,1.266,864,65,12.921,77.56
Devinagara Cross,6.192,8.112,1.241,725,86,13.047,77.569
Devis Road,5.667,7.68,1.137,329,87,13.004,77.62
Dhaba Gate,5.643,7.525,1.119,364,39,13.226,77.687
Dhobi Ghat Rajajinagara,5.644,7.47,1.125,421,24,12.987,77.551
Dhoopanahalli,5.498,7.238,1.119,394,25,12.964,77.642
Diacon Hospital,5.678,7.752,1.155,500,40,13.004,77.55
Dinnur Main Road,5.658,7.695,1.14,478,24,13.024,77.599
Dinnur Sudhamanagara,5.017,6.58,1.028,80,11,12.714,77.706
Diwanarapalya,6.556,8.558,1.318,988,99,13.027,77.562
Dodda Aladamara,5.211,6.84,1.05,114,35,12.91,77.396
Dodda Aladamara Cross,5.244,7.07,1.043,138,12,12.964,77.407
Dodda Basti,5.273,7.022,1.059,187,17,12.94,77.473
Dodda Bommasandra,5.802,8.088,1.154,515,30,13.06,77.559
Dodda Bommasandra Arch,5.715,7.342,1.154,515,31,13.058,77.559
Dodda Byalakere,5.396,7.11,1.049,118,32,13.114,77.525
Dodda Dunnasandra,5.313,7.082,1.066,130,56,12.977,77.817
Dodda Dunnasandra Cross,5.139,6.89,1.066,130,56,12.976,77.821
Dodda Nekkundi Bridge/Rainbow Hospital,7.135,9.7,1.394,1320,76,12.976,77.697
Doddaballapura Bus Stand,5.299,7.092,1.099,311,29,13.293,77.542
Doddaballapura Railway Station,5.151,6.752,1.077,238,24,13.28,77.552
Doddabidarakallu,5.217,6.902,1.017,59,2,13.036,77.494
Doddajala,5.017,6.732,1.026,72,12,13.177,77.653
Doddakallasandra,5.637,7.672,1.164,413,96,12.886,77.557
Doddakallasandra Metro Station,5.884,7.482,1.163,410,95,12.885,77.553
Doddakannalli,5.842,7.855,1.189,573,65,12.907,77.696
Doddamma Temple,5.149,6.992,1.04,84,31,12.847,77.691
Doddy,5.867,7.752,1.17,481,74,13.17,77.452
Dombarahalli,5.066,6.902,1.031,76,19,13.049,77.46
Dombarahatti Dongadipura Cross,5.016,6.69,1.017,54,4,12.972,77.46
Domlur,6.276,8.58,1.301,895,112,12.961,77.638
Domlur Flyover,6.746,9.2,1.387,1173,133,12.96,77.644
Dommasandra,5.747,7.592,1.204,619,70,12.88,77.754
Dommasandra Circle,6.012,7.992,1.215,640,79,12.883,77.752
Dorekavalu,5.247,6.82,1.018,57,5,13.262,77.686
Double Road BEML Layout,5.61,7.56,1.122,387,35,12.915,77.521
Double Road Indiranagara,5.262,6.81,1.067,183,33,12.978,77.636
Dr BR Ambedkar Bus Terminal (Domlur),5.129,6.772,1.026,82,8,12.962,77.639
Dubasipalya Cross,5.907,8.0,1.221,550,133,12.923,77.496
Dudapanahalli,5.164,6.882,1.02,52,10,12.96,77.296
Durga Parameshwari Temple,5.855,7.533,1.166,536,42,13.082,77.56
Dwaraka Nagara,6.086,8.232,1.192,570,72,13.088,77.495
ELC NICE Road,5.308,7.042,1.047,150,13,12.858,77.659
EMC2,6.554,8.982,1.322,1072,67,12.983,77.693
ESI Hospital Rajajinagara,6.545,8.652,1.31,1028,66,12.991,77.553
East End Jayanagara,7.015,9.178,1.411,1341,97,12.917,77.597
East Point College,5.084,6.99,1.032,87,15,13.051,77.714
East Railway Station,6.06,8.127,1.23,693,81,13.001,77.619
East West College Cross,6.215,8.15,1.242,673,112,12.986,77.486
Echalamara Vidyaranyapura,5.824,7.808,1.169,542,45,13.08,77.559
Eco Space,6.982,9.592,1.428,1457,73,12.928,77.68
Ejipura,5.13,6.808,1.03,95,9,12.947,77.629
Electric B Station,5.03,6.533,1.022,65,9,12.974,77.614
Electronic City,8.081,10.72,1.592,1811,197,12.847,77.671
Electronic City FLY,5.227,6.822,1.04,128,10,12.846,77.672
Electronic City KIA,5.027,6.665,1.035,129,1,12.85,77.662
Electronic City PESIT College,6.757,9.01,1.376,1118,139,12.859,77.662
Electronic City Wipro Main Gate,5.303,7.04,1.108,341,30,12.836,77.657
Elgin Floor Mill,5.366,7.16,1.079,256,20,12.959,77.606
Escorts,6.256,8.272,1.24,621,133,13.103,77.586
Exide Gate,5.32,6.81,1.04,103,22,12.835,77.785
Fairland Shop,5.127,6.912,1.029,93,7,12.95,77.625
Fathima Church,5.785,7.682,1.193,649,36,13.055,77.542
Forest Gate,6.033,8.095,1.206,588,89,12.992,77.46
Forum Mall,6.221,8.182,1.229,705,74,12.96,77.747
Frazer Town,5.848,7.49,1.168,433,94,13.001,77.612
GKVK GATE,7.027,9.262,1.45,1220,222,13.073,77.592
GM Palya,5.369,7.12,1.031,97,10,12.975,77.666
GPO,5.125,6.86,1.036,85,23,12.981,77.594
GR Tech Park ITPL,6.684,8.85,1.349,1019,139,12.987,77.744
Galaxy Paradise (Tent),5.42,7.26,1.088,257,34,12.892,77.626
Ganakal,4.963,6.72,1.024,58,15,12.898,77.512
Ganakal2,4.974,6.662,1.023,81,3,12.898,77.512
Gandhi Bazaar,5.288,7.195,1.065,220,12,12.946,77.57
Gandhi Nagara,5.324,7.045,1.088,238,44,12.79,77.505
Ganesha Bhavan,5.487,7.24,1.12,394,28,12.944,77.564
Ganesha Gudi Nelamangala,5.091,6.732,1.039,109,18,13.084,77.393
Ganesha Temple Chandra Layout,5.27,7.025,1.073,197,36,12.958,77.529
Ganesha Temple Mahalakshmi Layout,5.271,7.052,1.062,201,15,13.009,77.543
Ganesha Temple Mahalaskhmi Layout,5.493,7.32,1.087,278,23,13.009,77.543
Ganesha Temple Sahakara Nagara,5.283,7.092,1.037,99,19,13.063,77.586
Ganesha Temple Tavarekere,5.577,7.505,1.092,228,55,12.967,77.403
Ganesha Temple Thippasandra,5.187,6.802,1.034,100,14,12.972,77.654
Ganesha Temple Vasanthanagara,5.205,6.982,1.051,173,9,12.995,77.592
Ganga International School,5.689,7.48,1.136,469,20,13.028,77.496
Gangadhara Kalyana Mantapa,5.403,7.363,1.097,325,19,13.08,77.511
Gangamma Circle,6.496,8.59,1.331,1077,80,13.058,77.546
Gangappanahalli,5.255,6.972,1.025,65,14,12.959,77.351
Gangenahalli,5.354,7.1,1.073,225,23,12.984,77.392
Gangenahalli Cross,5.254,7.07,1.041,114,19,12.973,77.4
Gangondanahalli,5.056,6.792,1.032,103,9,13.022,77.468
Gantakana Doddy Cross,5.328,6.97,1.038,118,12,12.741,77.488
Garments Factory Borugunte,5.191,7.02,1.04,103,22,12.846,77.783
Garuda Mall,5.624,7.453,1.153,428,70,12.97,77.611
Garudacharpalya,5.858,7.69,1.174,427,107,12.994,77.702
Garudappa Circle Thigalarapalya,5.638,7.392,1.122,421,19,13.016,77.484
Garvebhavipalya,6.712,8.952,1.38,1109,151,12.896,77.636
Gayathri Nagara,5.072,6.7,1.017,50,6,12.998,77.56
Gayathri Nagara Cross,5.204,6.96,1.038,110,16,13.015,77.383
Geddalahalli,6.409,8.402,1.256,747,101,13.031,77.578
Gerahalli,4.955,6.82,1.036,105,14,13.037,77.391
Gerupalya,5.297,7.002,1.06,126,47,12.888,77.444
Gidadakonenahalli Cross,4.95,6.693,1.024,75,8,12.975,77.488
Girinagara,5.038,6.602,1.025,71,11,12.943,77.545
Giriyamma Circle,5.13,6.84,1.039,129,9,13.245,77.714
Glass Factory,6.173,8.132,1.274,819,100,12.877,77.567
Glass House Halage Vaderahalli,5.087,6.642,1.018,64,2,12.907,77.512
Gnana Jyothi school,5.172,6.732,1.054,155,22,13.085,77.739
Gokula,6.343,8.35,1.318,988,99,13.042,77.557
Gollahalli,5.118,6.695,1.053,117,38,13.152,77.725
Gollahalli Cross,5.094,6.795,1.021,56,11,13.15,77.728
Gollahallii Road Junction,5.256,6.97,1.068,200,27,12.908,77.489
Gollarahatti,6.178,8.432,1.234,672,99,12.989,77.473
Gopalapura,5.784,7.598,1.155,487,45,13.141,77.426
Goraguntepalya,7.772,10.225,1.587,1740,221,13.029,77.54
Goraguntepalya  Ring Road,5.418,7.17,1.11,342,34,13.03,77.537
Goripalya,5.144,6.67,1.043,149,6,12.964,77.558
Gorivegere Gate,5.423,7.132,1.076,213,34,13.044,77.76
Gottigere,6.156,8.01,1.252,709,112,12.855,77.589
Govardhan Talkies,7.796,10.44,1.562,1687,202,13.02,77.553
Govindapura Cross,5.845,7.62,1.149,437,58,13.032,77.622
Govindarajanagara,5.683,7.68,1.14,437,42,12.976,77.537
Govt Hospital Vijayapura,5.07,6.59,1.035,108,11,13.296,77.794
Govt Soap Factory,6.351,8.42,1.226,748,48,13.013,77.554
Gowdanapalya,5.574,7.412,1.135,407,47,12.912,77.556
Gowrava Nagara,5.528,7.485,1.108,361,21,12.885,77.583
Gowrenahalli,5.211,6.99,1.038,125,9,12.723,77.681
Grandwell,5.268,7.07,1.056,144,31,13.063,77.74
Graphite India,5.927,7.873,1.232,796,36,12.978,77.711
Graphite Junction,5.272,7.012,1.085,222,46,12.985,77.708
Green Wood High School,5.211,6.972,1.043,103,27,12.901,77.748
Gruhalakshmi Layout,5.566,7.59,1.136,469,20,13.03,77.5
Gubbalala Gate,5.681,7.62,1.162,408,95,12.884,77.551
Gubbi Cross,5.507,7.15,1.111,281,65,13.065,77.652
Guddadahalli,5.125,6.79,1.028,66,19,13.141,77.462
Guddahatti Gate,6.035,8.0,1.192,625,46,12.788,77.736
Gudde Devastana Kamalanagara,5.304,7.302,1.08,286,7,12.995,77.533
Guduvanahalli Gate,5.083,6.832,1.035,108,11,13.281,77.764
Guestline Hotel,5.944,7.652,1.188,617,42,12.787,77.742
Gulaganjahalli Cross,5.117,6.79,1.031,103,7,12.942,77.425
Gulakamale,5.117,6.693,1.028,63,19,12.798,77.524
Gunasheela Hospital,5.253,6.742,1.081,232,34,12.941,77.576
Gundappa Road,5.198,6.81,1.086,302,11,13.043,77.573
Gunjuru,5.642,7.69,1.108,247,75,12.921,77.736
Gurappanapalya,6.19,8.23,1.231,702,79,12.92,77.6
Gurudwara/Lido,5.051,6.75,1.03,74,19,12.975,77.62
HAL Kalyana Mantap,6.322,8.5,1.286,846,108,12.955,77.682
HAL Main Gate,6.566,8.81,1.323,934,133,12.959,77.666
HBR Layout,6.922,9.05,1.368,1163,105,13.035,77.629
HMT Auditorium,5.241,6.832,1.042,127,14,13.049,77.545
HMT Club House,6.083,7.94,1.21,661,61,13.054,77.551
HMT Layout 8th Mile,5.647,7.432,1.134,469,17,13.034,77.504
HMT Layout R T Nagara,5.604,7.39,1.131,451,20,13.025,77.595
HMT Post Office,5.146,6.682,1.038,122,10,13.051,77.542
HMT Watch Factory,5.216,6.87,1.038,122,10,13.05,77.535
HSBC,6.394,8.552,1.237,691,95,12.893,77.599
HSR Lay Out Police Station,5.188,6.752,1.041,148,3,12.92,77.652
HSR Layout Bescom Office,5.13,6.92,1.044,154,5,12.912,77.65
HSR Layout Police Station,4.948,6.52,1.023,81,3,12.92,77.652
Halage Vaderahalli,5.181,6.902,1.036,116,10,12.92,77.514
Halappanahalli,5.487,7.342,1.062,194,18,13.102,77.778
Halasahalli Cross,4.967,6.742,1.029,67,20,12.933,77.758
Halasuru,6.66,8.65,1.331,862,180,12.979,77.629
Halasuru Police Station,5.72,7.555,1.141,390,67,12.975,77.625
Haldenahalli,5.249,6.902,1.028,80,11,12.72,77.713
Hale Chandapura,5.891,8.0,1.198,636,52,12.802,77.711
Hampi Nagara 7th Main,5.44,6.98,1.074,258,9,12.962,77.538
Hampi Nagara Post Office,5.34,7.172,1.07,249,6,12.965,77.538
Hampinagara RPC Layout,5.49,7.363,1.081,281,11,12.959,77.536
Hamsa Farm,5.445,6.97,1.117,281,75,12.982,77.44
Hancharahalli Gate,5.34,7.075,1.048,132,22,13.092,77.742
Handenahalli,5.242,6.962,1.059,134,41,12.958,77.847
Hanuman Temple Beguru,5.292,7.08,1.032,80,19,12.873,77.625
Hanumanthanagara Ward Office,5.346,7.363,1.077,234,26,12.943,77.566
Haragadde,5.212,6.94,1.05,149,18,12.765,77.654
Haragadde Cross,5.43,7.27,1.044,136,13,12.764,77.654
Haraluru Gate,5.072,6.84,1.029,97,6,13.219,77.752
Harapanahalli,5.536,7.453,1.1,276,47,12.792,77.623
Hari Nagara Cross,5.551,7.162,1.128,394,42,12.879,77.567
Harishchandra Ghat,6.452,8.575,1.312,1055,57,12.997,77.561
Harohalli,5.233,6.83,1.078,232,29,12.957,77.786
Harohalli Depot,5.067,6.495,1.032,105,7,12.698,77.478
Harohalli Petrol bunk,5.127,6.873,1.032,105,7,12.687,77.475
Hasigaala,5.481,7.09,1.058,186,15,13.135,77.775
Havanur Circle,5.538,7.373,1.143,489,24,12.988,77.538
Hebbagodi,6.53,8.78,1.324,974,116,12.826,77.683
Hebbala,9.141,12.452,1.844,2590,276,13.039,77.59
Hebbala Bridge,8.601,11.82,1.718,2241,218,13.043,77.591
Heelalige Cross,5.149,6.762,1.025,57,18,12.809,77.709
Hegganahalli,5.563,7.342,1.121,366,42,13.004,77.505
Hegganahalli Cross,5.522,7.462,1.117,359,39,13.0,77.504
Heggondanahalli,5.063,7.035,1.043,103,27,12.906,77.747
Hejjala Cross,5.454,7.283,1.084,213,48,12.855,77.426
Helicopter Division,6.327,8.39,1.286,835,113,12.957,77.675
Hennagara Gate,6.443,8.65,1.314,943,112,12.806,77.699
Hennur,5.486,7.22,1.117,256,86,13.039,77.642
Hennur Bande,5.322,7.13,1.077,172,55,13.037,77.641
Hennur Bande Sai Baba Temple,5.37,7.125,1.068,168,42,13.037,77.641
Hennur Cross,5.775,7.732,1.149,352,98,13.032,77.636
Hennur Junction,7.227,9.622,1.412,1242,146,13.028,77.633
Hennur Petrol Bunk,5.452,7.36,1.076,171,54,13.033,77.637
Hennuru Junction,5.386,7.07,1.08,177,58,13.028,77.633
Hennuru Petrol Bunk,5.054,6.732,1.041,85,32,13.033,77.638
Herohalli Cross,6.451,8.55,1.305,925,105,12.987,77.492
Herohalli Cross1,5.258,6.93,1.099,279,44,12.987,77.492
Herohalli Sunkadakatte,5.383,7.082,1.084,283,15,12.991,77.488
Hesaraghatta,5.25,6.91,1.105,289,50,13.138,77.479
Hesaraghatta TB Cross,5.467,7.3,1.111,302,55,13.13,77.484
High Ground Police Station,5.177,6.972,1.052,181,7,12.989,77.592
High School Sondekoppa,5.226,6.922,1.034,102,13,13.026,77.385
Himagiri,5.916,7.65,1.199,563,88,12.862,77.591
Hiranandani Villas,5.732,7.56,1.119,364,39,13.239,77.7
Hirandahalli,5.231,6.88,1.03,85,14,13.046,77.723
Hittarahalli Gate,5.197,6.84,1.041,119,17,13.123,77.744
Hombalamma Kere,4.981,6.613,1.02,53,10,12.952,77.227
Hommadevanahalli,5.083,6.412,1.048,137,21,12.844,77.598
Hommadevanahalli Cross,5.086,6.91,1.047,133,20,12.841,77.597
Honaganahatti,5.356,6.93,1.092,228,55,12.974,77.421
Hongasandra,5.342,7.27,1.088,258,35,12.897,77.626
Honnakalasapura Cross,5.088,6.94,1.037,123,8,12.729,77.677
Honnenahalli,5.481,7.44,1.117,294,69,13.16,77.567
Hoodi,5.748,7.585,1.176,434,108,12.992,77.716
Hoodi Metro Station,5.241,6.712,1.085,230,43,12.989,77.712
Hope Farm,7.533,10.035,1.558,1669,203,12.984,77.753
Horamavu Signal,7.008,9.34,1.367,1147,111,13.019,77.656
Hosa Doddy Gate,5.363,7.03,1.058,162,26,12.765,77.487
Hosa Hudya,5.452,7.472,1.075,233,23,13.237,77.551
Hosa Road,6.939,9.145,1.438,1301,164,12.87,77.654
Hosa Road FLY,5.253,6.96,1.056,185,13,12.871,77.653
Hosahalli,5.36,7.08,1.092,220,60,12.92,77.742
Hosahalli Cross Devanagondi,4.953,6.623,1.04,76,36,12.975,77.83
Hosakerehalli  Junction,6.293,8.218,1.269,899,54,12.93,77.543
Hosakerehalli Petrol Bunk,5.815,7.703,1.172,555,44,12.934,77.539
Hosakote BEO office,5.689,7.26,1.115,355,36,13.073,77.783
Hosakote Bus Stand (Old),6.116,7.75,1.232,731,68,13.079,77.787
Hosakote Bus Station (TTMC),5.594,7.412,1.113,350,35,13.07,77.785
Hosakote Flower Market,6.007,7.88,1.205,633,65,13.075,77.786
Hosakote Govt Hospital,5.112,6.87,1.032,66,25,13.078,77.802
Hosakote High School,6.112,8.352,1.209,616,81,13.07,77.784
Hosakote K E B Circle,5.768,7.852,1.162,469,66,13.072,77.787
Hosakote Kodi,5.985,7.972,1.206,594,86,13.056,77.768
Hosakote Toll,5.892,7.6,1.198,569,82,13.059,77.771
Hosapalya,5.13,6.88,1.022,53,14,12.925,77.397
Hosapete Gate,5.042,6.65,1.021,55,11,12.951,77.237
Hoskerehalli,5.148,6.812,1.026,91,4,12.931,77.54
Hoskerehalli Cross,5.902,7.59,1.168,554,37,12.932,77.545
Hosmat Hospital,5.46,7.363,1.134,373,61,12.969,77.613
Hosmat Hospital (DIG Office),5.35,7.18,1.09,266,34,12.969,77.615
Hosur Road Junction,6.121,7.932,1.237,643,117,12.932,77.613
Hosur Road junction,6.006,7.99,1.218,675,69,12.933,77.613
Hosuru Bande,5.352,7.242,1.078,202,44,13.106,77.661
Hoysala Nagara,4.957,6.54,1.028,75,14,13.017,77.669
Hulimavu Gate,6.101,8.24,1.246,740,88,12.882,77.596
Hullahalli Cross,5.111,6.778,1.022,56,12,12.828,77.623
Hullegowdanahalli Cross,5.209,6.842,1.035,103,14,13.068,77.395
Hunasamaranahalli,7.403,10.082,1.509,1617,141,13.144,77.618
Hunasemara,6.029,8.042,1.21,581,99,12.92,77.574
Hunnigere Cross,5.046,7.052,1.036,104,15,13.039,77.391
Hurali Chikkanahalli,5.347,7.17,1.085,230,43,13.116,77.483
Huskur Gate,6.611,8.852,1.343,1006,134,12.836,77.679
Hyadalu,5.102,6.623,1.035,82,23,13.14,77.41
Hyundai showroom mysore road,4.956,6.65,1.027,98,2,12.927,77.502
I Gate,5.98,7.865,1.225,778,33,12.977,77.719
IAF Jalahalli,5.717,7.83,1.169,571,31,13.054,77.531
IOC Circle,5.014,6.502,1.017,52,6,13.005,77.637
ITC Factory,7.165,9.535,1.436,1393,117,12.999,77.622
ITI Circle,6.113,8.012,1.185,628,32,13.008,77.683
ITI Colony Gate,7.81,10.552,1.587,1774,205,13.005,77.685
ITI Layout,5.723,7.682,1.167,549,37,12.968,77.502
ITPL,6.98,9.16,1.405,1224,142,12.988,77.737
ITPL Back Gate Big Bazzar,5.387,7.23,1.114,394,17,12.986,77.732
ITPL Metro Station,5.071,6.802,1.029,95,7,12.988,77.737
Ibbaluru,7.122,9.482,1.474,1544,113,12.921,77.662
Ideal Homes,5.457,7.5,1.101,325,26,12.923,77.518
Iggluru,5.348,7.16,1.095,276,39,12.786,77.703
Immadihalli,5.142,6.922,1.02,60,8,12.967,77.763
Inchara Hotel JP Nagar,5.377,7.1,1.101,340,19,12.903,77.586
Income Tax Layout,5.346,7.13,1.077,206,39,12.96,77.531
Income Tax Layout Cross,5.077,6.722,1.026,71,13,12.96,77.533
Income Tax Layout Cross 1,5.333,6.925,1.07,210,25,12.96,77.533
Indian Air Force,7.578,10.1,1.51,1619,142,13.131,77.615
Indian Express,10.09,13.602,2.122,3348,413,12.984,77.597
Indian Oil,5.779,7.732,1.17,537,48,13.005,77.639
Indira Nursing Home,5.5,7.38,1.105,341,26,12.929,77.565
Indiragandhi Circle,5.3,6.992,1.033,117,4,12.911,77.579
Indiranagara,5.735,7.925,1.136,469,20,13.028,77.494
Indiranagara 100ft Road,5.71,7.48,1.118,392,24,12.967,77.641
Indiranagara 12th Main,5.471,7.373,1.119,394,25,12.97,77.641
Indiranagara 6th Main,5.654,7.58,1.119,394,25,12.974,77.641
Indiranagara Metro Station,5.229,6.812,1.065,180,31,12.978,77.639
Indiranagara Police Station/KFC,6.092,8.162,1.214,660,68,12.978,77.641
Indlubele,5.13,6.922,1.039,99,22,12.791,77.776
Indluvadi Cross,5.138,6.79,1.04,129,11,12.732,77.671
Indo American Hybrid Farm,5.308,7.022,1.075,237,21,12.904,77.512
Indoor Stadium,4.888,6.772,1.032,87,16,12.943,77.622
Industrial Area Rajajinagara,5.543,7.363,1.093,316,16,12.982,77.549
Industrial Area Water Tank Bommasandra,5.242,6.8,1.044,140,13,12.817,77.676
Industrial Town Rajajinagara,5.127,6.998,1.027,88,7,12.985,77.548
Infosys Parking Lot,5.312,7.242,1.062,188,21,12.85,77.663
Iskcon Temple,5.778,7.72,1.177,593,35,13.012,77.551
Islampura Cross,5.156,6.76,1.042,99,28,13.113,77.389
Ittagalpura Gate,5.178,6.81,1.031,54,29,13.17,77.55
Ittamadu,5.264,7.12,1.038,118,12,12.92,77.542
Ittamadu 1,5.165,6.892,1.035,117,7,12.92,77.542
Ittamadu Cross,5.049,6.77,1.028,97,4,12.928,77.546
Ittige Factory,5.512,7.502,1.144,434,50,13.103,77.629
Ivarukandapura,5.122,6.7,1.035,88,20,13.138,77.494
JBN Petrol Bunk,5.346,7.212,1.05,136,24,12.967,77.656
JC Nagara,5.029,6.732,1.029,93,7,13.006,77.535
JP Nagara 15th Cross,5.463,7.22,1.114,373,26,12.907,77.586
JP Nagara 24th Main 9th Cross,5.009,6.75,1.017,58,3,12.911,77.583
JP Nagara 3rd Phase,6.402,8.642,1.273,806,104,12.907,77.6
JP Nagara 6th Phase,5.129,6.742,1.037,112,13,12.906,77.578
JP Nagara Metro Station,6.177,8.2,1.223,618,104,12.908,77.573
JSS College,5.265,6.99,1.048,145,16,12.904,77.508
Jagajeevanram Nagara,5.235,7.11,1.047,160,8,12.965,77.555
Jai Bharath Nagara,6.495,8.495,1.294,985,58,13.002,77.63
Jakkasandra,5.56,7.39,1.147,429,59,12.925,77.638
Jakkur 18th Cross,5.083,6.812,1.044,107,27,13.069,77.603
Jakkur Aerodrum,7.199,9.36,1.437,1198,210,13.077,77.593
Jakkur Layout 3rd Cross.,5.081,6.762,1.023,62,12,13.07,77.602
Jakkur Layout Double Road,5.098,6.898,1.021,52,12,13.073,77.604
Jalabhavan,5.579,7.31,1.147,444,51,12.924,77.6
Jalahalli Bakery,5.722,7.69,1.138,421,46,13.043,77.55
Jalahalli Cross,9.006,12.222,1.82,2517,268,13.04,77.518
Jalahalli Cross  Metro Station Departure,5.159,6.86,1.042,133,11,13.04,77.519
Jalahalli Cross Metro Station Arrival,5.025,6.82,1.02,65,4,13.04,77.519
Jalahalli East,6.208,8.33,1.242,803,51,13.068,77.545
Jalahalli East 7th Camp,5.127,6.79,1.026,72,13,13.074,77.546
Jalahalli Police Station,5.192,6.82,1.041,126,13,13.049,77.55
Jalahalli Village,5.567,7.34,1.129,389,45,13.042,77.547
Jalavayu Vihara,5.145,6.83,1.03,86,12,13.021,77.637
Jalli Machine,7.105,9.43,1.421,1362,105,13.086,77.555
Jambu Savari Dinne,5.69,7.505,1.177,550,55,12.866,77.581
Janaki Rama Layout,5.915,7.912,1.13,314,83,13.043,77.642
Janapriya Apartment,7.447,9.73,1.524,1493,225,13.073,77.503
Janapriya Township,5.293,7.102,1.098,323,22,12.999,77.443
Janatha Bazar  Banashankari,5.183,6.93,1.065,190,25,12.928,77.546
Janatha Bazar Banashankari,5.616,7.15,1.168,575,27,12.928,77.546
Janatha Colony,5.428,7.17,1.068,216,18,12.724,77.704
Janthamane,5.022,6.812,1.024,58,16,12.942,77.757
Jaraganahalli Cross,6.357,8.375,1.251,692,119,12.901,77.573
Jayamahal,6.273,8.39,1.263,808,85,13.0,77.595
Jayamahal Extension1,5.032,6.56,1.018,61,3,13.002,77.599
Jayanagar 6 block,4.963,6.565,1.017,63,1,12.931,77.578
Jayanagar 6th block,4.991,6.96,1.022,60,10,12.931,77.579
Jayanagara  38th Cross,5.516,7.443,1.108,346,28,12.921,77.584
Jayanagara 38th Cross,5.505,7.115,1.114,376,25,12.921,77.584
Jayanagara 40th Cross,5.536,7.332,1.104,325,31,12.92,77.581
Jayanagara 4th Block,5.462,7.35,1.101,328,25,12.929,77.586
Jayanagara 5th Block,6.507,8.51,1.299,999,60,12.917,77.584
Jayanagara Bus Station,6.456,8.57,1.332,1075,82,12.928,77.584
Jayanagara Church,5.623,7.455,1.106,335,30,12.928,77.587
Jayanagara Pump House,5.586,7.44,1.112,341,37,12.922,77.597
Jayanagara Telephone Exchange,6.107,7.953,1.222,723,54,12.924,77.584
Jayaram Das Factory,6.116,8.282,1.22,549,132,12.93,77.506
Jeevan Bheemanagara Cross,5.161,6.892,1.026,66,15,12.967,77.661
Jeevanbheema Nagara,5.125,6.71,1.04,128,11,12.966,77.658
Jettipalya,5.141,6.82,1.04,114,18,12.977,77.401
Jigala Cross,5.316,6.98,1.04,101,23,12.782,77.772
Jigani APC CIrcle,4.958,6.502,1.02,55,9,12.779,77.643
Jigani APC Circle,5.43,7.203,1.145,428,56,12.779,77.644
Jigani Bus Stand,5.284,7.03,1.097,271,45,12.787,77.637
Jigani Double Road,5.367,7.36,1.097,270,44,12.789,77.63
Jigani KEB,5.309,7.15,1.053,158,20,12.777,77.645
Jigani Tent,5.513,7.28,1.097,270,44,12.787,77.633
Jindal,6.121,8.322,1.25,714,106,13.054,77.483
Jinke Bachahalli Gate,5.484,7.36,1.079,241,26,13.246,77.553
Jnanakshi Layout,5.113,6.8,1.027,87,7,12.913,77.514
Johnson Market,5.312,7.06,1.079,256,20,12.963,77.607
Juggath Farma,5.371,7.07,1.106,237,76,12.891,77.455
Juggath Pharma,5.216,7.08,1.051,98,44,12.891,77.455
Junglepalya Gate,5.543,7.36,1.116,315,58,12.808,77.59
Junnasandra Gate Wipro Regional Office,5.971,8.13,1.191,580,65,12.911,77.685
Jyothi Farm,5.785,7.8,1.145,373,82,12.86,77.529
Jyothi Nagara,4.948,7.002,1.04,92,27,12.959,77.522
Jyothi Nivas College,5.349,7.0,1.064,209,15,12.935,77.615
Jyothi School,5.543,7.533,1.137,329,87,13.015,77.627
Jyothipura Gate,5.051,6.882,1.045,127,20,13.103,77.744
K Gollahalli,5.034,6.672,1.024,50,18,12.843,77.451
K Narayanapura Cross,6.178,8.52,1.289,785,143,13.068,77.634
K Narayanapura Main Bus Stand,5.149,6.855,1.031,83,16,13.066,77.641
KBD Factory,5.13,6.68,1.02,56,10,13.117,77.372
KG Halli Post Office,5.35,7.072,1.078,242,24,13.057,77.533
KG Srinivasapura Cross,5.183,6.873,1.039,94,25,13.129,77.4
KH Road,7.25,9.79,1.44,1336,150,12.958,77.593
KHB Colony,6.513,8.922,1.333,955,141,12.803,77.386
KIA Terminal 2,5.714,7.752,1.148,521,17,13.199,77.715
KIADB Hoovinayakanahalli Gate,5.277,6.95,1.05,115,35,13.156,77.681
KIMS College,5.522,7.203,1.105,341,26,12.927,77.561
KK School,4.971,6.55,1.034,88,18,12.933,77.743
KPCC Office,6.255,8.322,1.217,597,103,12.983,77.576
KR Circle,8.257,11.14,1.705,2053,283,12.976,77.586
KR Hospital Uttarahalli,5.508,7.315,1.096,277,39,12.907,77.546
KR Market,10.183,13.702,2.013,2903,428,12.964,77.577
KR Market (Kalasipalya),8.689,11.41,1.808,2307,345,12.962,77.577
KR Pura Extension,6.125,8.35,1.22,601,107,13.011,77.699
KR Pura Market,6.004,8.055,1.239,651,117,13.008,77.695
KR Pura Metro Station,5.028,6.602,1.04,140,5,13.0,77.677
KR Pura Railway Station,8.12,10.94,1.642,1965,212,13.0,77.677
KSRP Training Centre,5.04,6.772,1.022,54,13,12.886,77.672
KTPO,6.187,8.27,1.224,775,32,12.977,77.722
Kaateramma Devasthana,5.204,6.87,1.062,194,18,13.093,77.779
Kabir Ashrama,5.199,6.882,1.054,177,12,13.013,77.596
Kacharakanahalli,5.619,7.152,1.138,332,89,13.021,77.629
Kachohalli,4.956,6.703,1.026,87,6,13.0,77.471
Kachohalli Gate,6.056,8.09,1.234,676,96,12.99,77.469
Kadabagere Cross,6.017,8.168,1.211,593,94,12.989,77.449
Kadasonnappanahalli Gate,5.281,7.16,1.076,191,45,13.102,77.658
Kadiganahalli Gate,5.51,7.222,1.072,211,29,13.168,77.632
Kadirenahalli Cross,6.231,8.37,1.27,839,84,12.914,77.567
Kadirenahalli Park,5.641,7.462,1.16,521,38,12.918,77.564
Kadirenahalli Village,5.28,6.97,1.064,180,29,12.916,77.561
Kadubisanahalli,7.591,9.96,1.496,1694,81,12.943,77.697
Kadugenahalli Gate,4.895,6.312,1.02,58,8,13.168,77.631
Kadugodi Bridge,6.716,8.932,1.379,1224,95,12.994,77.758
Kadugodi Bus Station,6.315,8.032,1.294,983,59,12.996,77.759
Kadugodi Metro Station,5.28,7.078,1.025,76,9,12.995,77.758
Kadugondanahalli Police Station,5.567,7.3,1.161,467,65,13.021,77.619
Kadugondanahalli Railway Gate,5.659,7.652,1.157,461,61,13.026,77.62
Kadumane Hotel,5.294,7.168,1.057,158,26,12.815,77.407
Kaggalahalli,5.224,7.09,1.042,124,16,12.83,77.325
Kaggalipura,5.541,7.252,1.129,331,72,12.8,77.508
Kaikondrahalli,5.826,7.87,1.205,618,73,12.914,77.678
Kalamandira  Marathahalli Bridge,6.276,8.325,1.264,892,48,12.96,77.701
Kalamandira Marathahalli Bridge,5.99,7.88,1.18,608,33,12.96,77.701
Kalena Agrahara,6.038,7.755,1.201,565,90,12.866,77.592
Kalkere,5.979,7.71,1.181,505,83,13.034,77.675
Kalkere Cross,5.159,7.012,1.027,74,13,13.021,77.679
Kalyana Mantapa Koramangala,5.311,7.08,1.066,211,17,12.937,77.618
Kalyanamantapa (Oxford College),5.425,7.462,1.088,257,34,12.9,77.627
Kalyananagara,7.941,10.685,1.565,1799,154,12.968,77.524
Kalyananagara 302,4.903,6.392,1.017,57,3,13.026,77.637
Kalyananagara Bus Stand,5.17,7.078,1.035,75,27,13.026,77.638
Kamakshipalya,6.905,9.032,1.331,951,139,12.984,77.529
Kamakya Talkies,6.135,8.272,1.238,785,52,12.924,77.554
Kamalanagara,5.517,6.992,1.103,357,14,12.993,77.531
Kamalanagara BEML Layout,5.0,6.652,1.018,55,6,12.993,77.529
Kamalanagara Market,5.403,7.072,1.08,286,7,12.996,77.531
Kamalanagara Water Tank,5.535,7.47,1.099,349,12,12.996,77.54
Kambalipura,5.113,6.642,1.017,51,6,13.131,77.804
Kamblipura Cross,4.929,6.672,1.016,50,5,13.136,77.787
Kammagondanahalli Bridge,5.534,7.352,1.127,413,31,13.055,77.533
Kammagondanahalli Rama Temple,5.276,6.882,1.078,242,24,13.064,77.531
Kammagonda‌nahalli Bridge,5.408,7.172,1.113,381,21,13.055,77.535
Kammanahalli,5.1,6.77,1.03,86,12,13.018,77.636
Kammanahalli Empire Hotel,5.053,6.73,1.03,86,12,13.015,77.636
Kammasandra,5.395,7.255,1.071,205,29,13.035,77.439
Kammasandra Gate,5.111,7.042,1.026,59,19,12.871,77.734
Kanakashree Layout Chikka Gubbi,5.267,7.08,1.08,195,50,13.087,77.655
Kanminake,5.438,7.113,1.085,215,49,12.863,77.434
Kanminake Colony,5.393,7.082,1.084,213,48,12.858,77.429
Kannalli,4.925,6.34,1.017,54,4,12.968,77.459
Kannamangala Gate,6.01,7.762,1.221,642,89,13.032,77.759
Kannuru,5.605,7.32,1.109,278,63,13.093,77.654
Kanshiram Nagara,5.366,7.038,1.061,143,41,13.091,77.539
Kanteerava Studio,5.975,7.89,1.192,581,67,13.022,77.532
Kanyakumari,5.167,6.882,1.032,105,7,12.718,77.483
Karekal Cross,5.17,6.902,1.028,71,17,12.974,77.374
Kari Obanahalli,5.52,7.212,1.116,409,13,13.025,77.487
Kariyanapalya Cross (80ft Road Junction),5.083,6.76,1.033,109,7,12.892,77.514
Karpura Gate,5.446,7.07,1.104,318,35,12.736,77.708
Karthik Nagara,6.742,8.74,1.321,1067,66,12.968,77.702
Kasavanahalli,5.044,6.84,1.021,55,12,12.905,77.676
Kasthurinagara,6.905,9.3,1.376,1207,98,13.004,77.663
Katamanallur Gate,6.21,8.082,1.244,701,103,13.053,77.762
Kathriguppe,5.919,7.875,1.216,693,57,12.925,77.55
Kattigehalli Cross,5.231,6.895,1.04,103,22,13.122,77.626
Kattigenahalli Cross,5.475,7.18,1.087,269,27,13.122,77.626
Kattu Gollahalli Gate,5.144,6.89,1.046,129,21,13.094,77.743
Kaval Byrasandra,5.576,7.302,1.119,421,13,13.02,77.608
Kavala Hosahalli,5.179,6.8,1.073,233,20,12.726,77.704
Kaveri Nagara,5.339,7.225,1.051,162,14,12.92,77.569
Kebbedoddi Gate,4.993,6.652,1.032,105,7,12.703,77.481
Kempaiahnagara,5.305,7.082,1.057,162,24,13.108,77.482
Kempapura,6.877,8.9,1.367,1141,113,13.044,77.601
Kempapura Agarahara,4.873,6.542,1.016,56,2,12.969,77.555
Kempegowda Arch,5.624,7.55,1.152,463,52,13.002,77.526
Kempegowda Bus Station,20.32,27.125,4.0,9416,884,12.977,77.573
Kempegowda Bus Station(Majestic/KBS),5.093,6.75,1.026,63,16,12.978,77.574
Kempegowda International Airport,6.561,8.942,1.323,1131,40,13.199,77.708
Kempegowda International Airport Back Gate,5.013,6.58,1.028,91,7,13.198,77.68
Kenchanapura Cross,5.752,7.72,1.161,501,50,12.942,77.494
Kendriya Sadana Koramangala,5.303,7.0,1.061,186,21,12.926,77.62
Kendriya Vidyalaya,6.123,8.585,1.24,801,49,13.065,77.544
Kendriya Vidyalaya ASC Center,5.352,7.04,1.083,243,32,12.967,77.613
Kendriya Vihara,6.596,8.66,1.347,963,161,13.107,77.602
Kengeri Bus Station,7.242,9.642,1.466,1297,215,12.914,77.486
Kengeri Church,5.447,7.13,1.097,277,41,12.928,77.487
Kengeri Club,5.221,6.982,1.068,221,17,12.924,77.473
Kengeri Ganesha Temple,5.771,7.632,1.168,502,61,12.911,77.48
Kengeri Police Station,6.752,8.89,1.388,1039,199,12.91,77.481
Kengeri Post Office,5.389,7.135,1.094,266,42,12.915,77.482
Kengeri Railway Station,5.524,7.332,1.1,281,44,12.917,77.482
Kengeri Satellite Town,5.468,7.072,1.1,281,44,12.924,77.485
Kengunte Circle,6.178,8.05,1.217,668,70,12.96,77.504
Kere Guddadahalli,5.498,7.533,1.098,327,20,13.079,77.516
Kerekodi Sondekoppa,5.015,6.705,1.038,110,16,13.019,77.384
Kethohalli,5.084,6.652,1.047,110,32,12.907,77.403
Khaji Sonnenahalli Gate,5.32,6.91,1.084,238,36,13.035,77.759
Kirloskar Company,4.972,6.51,1.035,127,3,13.014,77.56
Kodandarama Temple,5.027,6.645,1.017,50,6,13.002,77.561
Kodathi Gate,5.763,7.623,1.18,550,61,12.897,77.72
Kodigehalli,5.281,6.985,1.053,146,25,13.06,77.577
Kodigehalli Gate,7.822,10.022,1.569,1598,256,13.004,77.723
Kodihalli,6.6,8.98,1.359,1007,162,13.018,77.812
Kodimanchanahalli Gate,5.087,6.972,1.023,64,10,13.258,77.699
Kodipalya,5.026,6.94,1.072,166,50,12.751,77.447
Kogilu,5.738,7.53,1.149,449,52,13.104,77.616
Kogilu Cross,8.863,11.782,1.789,2445,248,13.104,77.601
Kohinoor Ground,5.218,6.802,1.067,213,19,12.947,77.566
Koli Farm,5.711,7.562,1.139,401,57,13.074,77.634
Koli Farm Gate,6.346,8.505,1.24,682,104,12.841,77.588
Kommaghatta,5.091,6.822,1.044,147,9,12.93,77.465
Kommaghatta Junction,5.818,7.652,1.168,502,61,12.914,77.481
Konanakunte,5.557,7.32,1.129,395,43,12.886,77.567
Konanakunte Cross,6.231,8.392,1.299,837,136,12.89,77.564
Konanakunte Cross  Metro Station,5.868,7.85,1.16,403,93,12.889,77.563
Konanakunte Reliance Fresh,5.342,7.22,1.067,226,13,12.883,77.566
Konappana Agarhara,7.309,9.715,1.471,1433,160,12.856,77.664
Konappana Agrahara,5.168,6.77,1.032,113,3,12.856,77.664
Konappana Agrahara Flyover,4.928,6.62,1.018,57,6,12.852,77.667
Konasandra Cross,5.103,6.8,1.03,74,18,12.764,77.636
Konena Agrahara,6.211,8.342,1.284,825,115,12.959,77.66
Koppa Gate,5.582,7.36,1.103,281,50,12.796,77.616
Koramangala 1st Block,5.687,7.29,1.164,489,61,12.925,77.635
Koramangala Bus Station,5.621,7.455,1.145,439,51,12.941,77.625
Koramangala Forum Mall,5.19,6.832,1.062,207,12,12.935,77.612
Koramangala Police Station,5.217,7.02,1.066,211,17,12.942,77.622
Koramangala Water Tank,7.052,9.635,1.431,1234,183,12.928,77.621
Koshys Hospital Kalkere,5.021,6.772,1.027,74,13,13.021,77.677
Kothanuru,5.616,7.28,1.116,298,65,13.062,77.649
Kothanuru Dinne Ganesha Temple,5.401,7.258,1.108,361,21,12.877,77.584
Kottigepalya,7.118,9.3,1.496,1460,191,12.988,77.515
Krishnananda Nagara,5.205,6.932,1.052,154,19,13.018,77.541
Krishnaraja Pura Govt Hospital,7.207,9.662,1.465,1435,148,13.008,77.693
Krishnasagara,5.204,6.682,1.037,117,11,12.932,77.556
Krupanidhi College,6.429,8.71,1.264,757,112,12.924,77.629
Kudlu Gate,7.15,9.29,1.429,1275,160,12.89,77.64
Kudlu Gate Flyover,5.114,6.75,1.056,185,13,12.89,77.64
Kudure Mukha Colony,6.725,9.25,1.367,1043,159,12.926,77.626
Kumaraswamy Layout,5.044,6.94,1.037,107,15,12.903,77.562
Kumaraswamy Layout Police Station,5.078,6.592,1.036,106,14,12.905,77.563
Kumbalagodu,5.661,7.462,1.123,304,75,12.878,77.446
Kumbaranahalli,5.268,7.055,1.039,127,10,12.748,77.66
Kundalahalli,6.012,7.953,1.226,780,33,12.958,77.716
Kundalahalli Colony,6.038,8.062,1.226,780,33,12.97,77.712
Kundalahalli Gate,7.111,9.632,1.442,1416,116,12.956,77.714
Kundalahalli Metro Station,6.093,8.285,1.224,777,32,12.978,77.716
Kuppareddy Kere,5.394,7.115,1.127,326,71,12.843,77.518
Kurubarahalli,5.42,7.08,1.084,298,9,13.001,77.536
Kurubarahalli Cross,5.299,7.065,1.042,103,26,13.127,77.52
Kurubarakunte Cross (Narsari),5.081,6.71,1.033,106,9,13.267,77.742
Kuvempu Circle,6.99,9.145,1.382,1186,119,13.045,77.563
Kuvempu Circle 1,5.19,6.805,1.044,143,10,13.043,77.561
Kuvempunagara ( BTM Layout),5.827,7.732,1.155,510,34,12.916,77.616
Kuvempunagara Bus Station(BTM Layout),5.753,7.51,1.174,591,31,12.916,77.616
Kuvempunagara Bus station (BTM Layout),5.184,7.03,1.053,182,8,12.916,77.616
Kyalasanahalli,5.135,6.87,1.03,82,14,13.056,77.66
L and T Factory Doddaballapura,5.06,6.542,1.017,54,4,13.292,77.57
Laggere Bridge,5.871,7.72,1.152,463,52,13.008,77.527
Laggere Cross,5.526,7.512,1.106,343,27,13.023,77.523
Laggere New Bus Stand,5.173,6.895,1.063,201,17,13.011,77.525
Lakkasandra,8.221,10.782,1.65,1903,255,12.944,77.597
Lakkenahalli Junction Sondekoppa Road,4.886,6.49,1.034,102,13,13.045,77.393
Lakkondahalli Gate,5.123,6.88,1.062,194,18,13.117,77.773
Lakkondahalli Temple,5.132,6.715,1.062,194,18,13.111,77.774
Lakkuppe,5.442,7.16,1.092,228,55,12.97,77.41
Lakshmi Devastana,5.004,6.632,1.037,106,15,13.078,77.393
Lakshmi Venkateshwara Temple,5.509,7.422,1.09,284,26,13.074,77.557
Lakshmipura,6.159,8.2,1.231,598,128,13.088,77.531
Lakshmipura Cross,5.206,6.978,1.059,138,40,13.092,77.533
Lalbagh Hopcoms,7.0,9.492,1.442,1295,174,12.952,77.591
Lalbagh Main Gate,7.306,9.842,1.489,1441,188,12.953,77.583
Lalbagh Metro Station,5.24,6.915,1.045,141,13,12.947,77.58
Lalbagh West Gate,5.431,7.252,1.095,295,30,12.948,77.58
Lalbagh West Gate (Lalbagh Metro Station),5.35,7.18,1.109,357,25,12.948,77.58
Lido Talkies,6.273,8.265,1.259,689,134,12.973,77.62
Life Style (Sacred Heart School),5.907,7.772,1.178,530,66,12.967,77.61
Lingadeeranahalli,4.989,6.64,1.018,53,6,12.999,77.479
Lingarajapura,5.564,7.262,1.138,332,88,13.127,77.534
Lingarajapura Bridge,5.617,7.55,1.137,329,87,13.009,77.623
Link Road,6.247,8.482,1.268,819,89,12.994,77.574
Loyola School,6.13,8.26,1.205,572,94,12.871,77.593
Lurdubayi Samudaya Bhavana,5.653,7.562,1.158,479,55,12.997,77.523
M S Nagara (Thirumenahalli ),5.135,6.845,1.021,63,7,13.097,77.636
MC Donald,5.348,7.292,1.08,292,4,12.912,77.638
MC Layout,5.031,6.57,1.046,154,9,12.975,77.542
MD Block,4.982,6.693,1.028,103,2,12.993,77.57
MEG Centre,4.977,6.732,1.019,55,7,12.987,77.623
MEI Colony Laggere,5.354,7.152,1.087,291,18,13.02,77.521
MEI Factory,7.229,9.512,1.453,1326,178,13.027,77.544
MEI Layout Arch,5.535,7.38,1.104,310,39,13.06,77.507
MEKHRI CIRCLE,5.136,6.732,1.052,160,16,13.016,77.584
MES Road,5.439,7.42,1.129,397,41,13.044,77.554
MG Road,5.403,7.375,1.099,317,26,12.978,77.602
MG Road Electric B Station,5.41,7.14,1.064,161,37,12.974,77.613
MG Road Metro Station,5.438,7.29,1.082,255,25,12.975,77.606
MG Statue (Chinnaswamy Stadium),5.778,7.585,1.175,546,53,12.976,77.599
MGM School,5.25,6.96,1.057,128,41,12.898,77.433
MICO Factory Junction,5.215,6.842,1.057,188,13,12.944,77.603
MICO Gate Adugodi,5.192,7.06,1.054,183,10,12.944,77.605
MICO Layout BTM,6.874,9.052,1.364,1207,76,12.917,77.604
MICO Layout Checkpost Gopalan mall,5.852,7.85,1.23,676,90,12.914,77.6
MM Industries,5.081,6.842,1.044,136,13,12.93,77.574
MN Krishna Rao Park,5.234,6.95,1.055,167,19,12.944,77.577
MR Nursing College,5.495,7.302,1.11,282,63,13.058,77.649
MRB Grand Hotel,5.051,6.75,1.024,81,4,12.888,77.516
MS Building,5.147,6.84,1.052,120,36,12.977,77.589
MS Palya,6.373,8.622,1.317,1022,81,13.082,77.548
MS Ramaiah College,6.594,8.522,1.324,1004,102,13.029,77.562
MS Ramaiah Hospital,5.73,7.62,1.122,421,19,13.028,77.572
MS Ramayya Hospital,5.076,6.783,1.043,156,2,13.028,77.571
MTR Hotel,5.371,7.01,1.04,146,2,12.917,77.645
MVJ College Channasandra,5.765,7.572,1.168,423,99,12.983,77.761
Machohalli Gate,6.136,8.51,1.207,589,90,12.991,77.454
Madanayakanahalli,6.323,8.41,1.28,805,118,13.061,77.461
Madapatna,5.249,6.955,1.056,163,22,12.773,77.648
Madavara,5.813,7.732,1.148,421,64,13.057,77.473
Madavara NICE Road,5.691,7.63,1.138,427,44,13.057,77.474
Madhavan Park,5.97,7.68,1.192,619,49,12.937,77.583
Madhura Nagara,4.959,6.542,1.026,61,17,12.941,77.764
Madhura Nagara Hostel,5.237,6.808,1.026,61,17,12.94,77.76
Madivala,7.339,9.782,1.481,1406,190,12.922,77.621
Madivala Masidi,5.329,7.03,1.062,187,22,12.925,77.619
Magadi,5.104,6.832,1.019,52,9,12.955,77.227
Magadi Road Metro Station,6.573,8.585,1.314,912,127,12.976,77.555
Magadi Road TollGate,7.441,10.032,1.512,1592,158,12.975,77.549
Magadi Road Tollgate,5.447,7.172,1.066,185,30,12.975,77.548
Mahadeshwara Nagara,5.46,7.08,1.098,300,33,12.992,77.494
Mahadevapura,5.865,7.795,1.179,433,113,12.997,77.691
Mahadevapura Ring Road,7.063,9.09,1.394,1320,76,12.988,77.69
Mahalakshmi Layout,5.384,7.11,1.067,198,25,13.012,77.544
Mahalakshmi Layout Entrance,6.763,9.1,1.324,1066,72,13.007,77.549
Maharaja Signal,5.24,6.99,1.06,198,13,12.935,77.63
Maharani College,10.137,13.855,2.026,3096,360,12.977,77.586
Mahesh Medicals,4.946,6.58,1.023,74,6,12.914,77.55
Mahila Seva Samaja,5.928,7.922,1.16,470,62,12.954,77.574
Makali,6.412,8.702,1.275,797,112,13.066,77.453
Makali Cross,5.144,6.772,1.031,64,25,13.067,77.452
Makkala Koota,8.079,10.512,1.648,1931,239,12.957,77.573
Malagala,5.334,7.11,1.082,257,24,12.979,77.515
Mallapura Cross,5.096,6.912,1.037,106,15,13.073,77.394
Mallasandra,5.178,6.812,1.056,144,32,13.002,77.394
Mallathahalli Cross,5.572,7.43,1.104,296,44,12.957,77.503
Malleshpalya,5.087,6.67,1.048,143,17,12.975,77.67
Malleshpalya New Bus Station(Vignananagar),5.068,6.73,1.047,142,16,12.973,77.678
Malleshwara 11th Cross,6.92,9.262,1.414,1150,193,13.002,77.569
Malleshwara 13th Cross,5.637,7.43,1.17,479,76,13.004,77.569
Malleshwara 13th Cross  (8th Mian),5.094,6.682,1.033,119,2,13.003,77.565
Malleshwara 15th Cross,6.042,8.052,1.247,682,116,13.005,77.571
Malleshwara 15th Cross  (8th Main),5.144,6.705,1.033,119,2,13.007,77.564
Malleshwara 18th Cross,7.235,9.812,1.436,1226,195,13.009,77.571
Malleshwara 8th Cross,5.7,7.638,1.171,480,77,13.0,77.569
Malleshwara 8th Cross (8th Main),5.098,6.63,1.033,119,2,13.0,77.565
Malleshwara 8th Cross (Sampige Road),6.279,8.052,1.272,773,119,13.0,77.571
Malleshwara Circle,8.512,11.132,1.74,2265,246,12.997,77.569
Malleshwaram 18th Cross,5.089,6.8,1.033,119,2,13.01,77.563
Mallige Hospital,5.291,6.982,1.093,307,21,12.948,77.591
Manasa Nagara,5.512,7.34,1.12,367,40,12.959,77.517
Manchanayakanahalli Gate,5.278,6.97,1.068,181,36,12.835,77.414
Manchappanahalli Gate 1,5.111,6.962,1.023,70,8,13.144,77.729
Mandur,5.454,7.322,1.077,216,35,13.082,77.738
Mangammanapalya,5.286,7.082,1.043,154,4,12.907,77.635
Manganahalli Cross,5.442,7.34,1.077,259,14,12.953,77.484
Maniksha Parade Ground,5.633,7.305,1.148,397,76,12.978,77.607
Manipal Centre,5.152,6.86,1.032,85,17,12.976,77.615
Manipal Centre MG Road,5.762,7.703,1.135,377,62,12.976,77.614
Manjunatha Nagara,5.615,7.42,1.136,432,38,12.964,77.404
Mantapa Cross,5.474,7.552,1.105,275,57,12.803,77.596
Mantri Alpyne Apartment,5.21,6.99,1.048,149,14,12.904,77.527
Mantri Layout (M L A LAYOUT),5.297,7.015,1.033,68,26,13.084,77.448
Manuvana,6.19,8.082,1.267,874,62,12.974,77.547
Manyatha Tech Park,6.619,8.54,1.349,1101,100,13.041,77.621
Maragondanahalli Cross,5.172,6.932,1.031,103,7,12.935,77.431
Maramma Temple,5.137,6.892,1.048,161,9,12.963,77.559
Maramma Temple Halage Vaderahalli,5.118,6.77,1.036,116,10,12.923,77.515
Maramma Temple Hegganahalli,4.99,6.703,1.021,72,4,12.995,77.504
Marasandra Circle,5.396,7.23,1.082,246,30,13.223,77.55
Marasandra Govt School,5.268,6.832,1.074,231,22,13.231,77.55
Marasur Gate,5.241,6.94,1.046,134,19,12.77,77.701
Marathahalli,6.382,8.25,1.298,890,110,12.956,77.694
Marathahalli Bridge,7.249,9.325,1.497,1598,128,12.957,77.702
Marenahalli,5.781,7.67,1.161,499,50,12.973,77.362
Marenahalli (Marenahalli Metro Station),6.452,8.93,1.294,987,56,12.917,77.589
Marison Factory,6.252,8.402,1.256,729,110,13.05,77.493
Mariyappanapalya,7.209,9.81,1.458,1507,102,12.999,77.556
Marsuru Gate,5.32,7.062,1.043,128,16,12.77,77.701
Maruthi Circle,5.517,7.412,1.12,394,28,12.943,77.559
Maruthi Mandira,6.843,9.185,1.354,1169,77,12.968,77.536
Maruthi Nagara,7.458,10.11,1.449,1375,149,12.99,77.494
Maruthi School,5.766,7.562,1.172,542,49,13.01,77.643
Maruthi Sevanagara,6.394,8.41,1.295,986,59,13.002,77.634
Maruthi Temple Kamalanagara,5.309,7.123,1.077,279,5,12.995,77.535
Maruthinagara Malleshpalya,5.146,6.992,1.032,85,16,12.973,77.675
Mary Immaculate School,5.483,7.162,1.078,202,44,13.126,77.668
Matadahalli,5.409,7.085,1.092,298,23,13.014,77.594
Mathikere,6.702,8.895,1.347,1069,111,12.883,77.182
Mattahalli Cross,5.069,6.672,1.025,51,20,13.11,77.444
Mayasandra Gate,5.239,7.002,1.028,81,12,12.75,77.748
Mayasandra Kodi,5.197,6.75,1.024,74,8,12.748,77.742
Mayohall,6.45,8.282,1.314,860,151,12.973,77.61
Mayohall G-2,5.085,6.772,1.023,65,10,12.974,77.611
Medahalli,6.007,8.082,1.208,576,98,13.026,77.72
Medi Agrahara Cross,5.005,6.602,1.037,84,26,13.101,77.53
Meenakshi Temple,5.993,8.032,1.204,586,85,12.875,77.595
Meenakunte,4.985,6.865,1.026,72,12,13.181,77.642
Meenakunte Hosuru,5.509,7.203,1.126,353,57,13.185,77.641
Mekhri Circle,8.81,11.415,1.814,2487,271,13.015,77.583
Metipalya,4.988,6.7,1.037,108,15,12.994,77.402
Metro,6.253,8.212,1.238,659,112,12.893,77.567
Military Accounts Office,6.574,8.582,1.299,886,112,12.967,77.621
Military Bridge,5.619,7.62,1.128,426,27,12.946,77.64
Military Dairy Farm (Esteem Mall),9.065,12.365,1.856,2586,300,13.049,77.593
Milk Booth,5.087,6.742,1.033,109,7,12.903,77.511
Milk Booth JP Nagara,5.025,6.745,1.024,66,12,12.91,77.595
Milk Dairy Hegganahalli,5.317,7.022,1.116,356,38,13.007,77.505
Millers Road,5.008,6.61,1.021,67,5,12.995,77.602
Minerva Circle,5.348,7.0,1.079,247,23,12.954,77.58
Minerva Mill,6.154,7.822,1.213,633,79,12.979,77.564
Modern Food Goraguntepalya,5.717,7.655,1.124,380,41,13.025,77.534
Modi Hospital,6.24,8.302,1.274,973,27,12.997,77.546
Monotype Corporation,5.465,7.11,1.08,254,23,12.922,77.571
Moodalapalya,5.532,7.363,1.116,359,37,12.971,77.525
Mosque Road,6.769,9.312,1.361,1137,104,13.0,77.616
Mother Dairy Cross Yalahanka,6.985,9.6,1.413,1412,67,13.1,77.577
Mother Dairy Yalahanka,5.856,7.392,1.159,555,20,13.099,77.575
Mount Carmel College,5.319,6.92,1.05,172,8,12.993,77.589
Muddayanapalya,5.116,6.8,1.018,61,3,12.966,77.488
Muddayanapalya Junction,5.16,6.83,1.028,87,8,12.971,77.488
Muddinapalya Junction,5.344,7.022,1.055,184,11,12.971,77.488
Multiplex Marathahalli,7.175,9.7,1.433,1470,76,12.952,77.7
Muncipal Office Vijayapura,5.169,6.972,1.035,108,11,13.296,77.8
Muneshwara Block,5.323,6.805,1.03,86,12,12.942,77.549
Muneshwara Devasthana,7.149,9.292,1.415,1186,177,12.936,77.607
Muneshwara Layout,5.479,7.2,1.085,276,21,12.874,77.471
Muneshwara Nagara,5.161,6.8,1.027,74,13,13.018,77.671
Muneshwara Temple,5.131,6.82,1.034,85,20,12.983,77.503
Munireddy Palya J C Nagara,6.332,8.38,1.307,955,95,13.007,77.593
Munish Singh Hospital,6.136,7.922,1.208,641,67,12.977,77.751
Munnekolalu Cross (Spice Garden),6.845,9.03,1.425,1357,114,12.956,77.71
Murugeshpalya,6.401,8.572,1.284,825,115,12.959,77.656
Museum,5.578,7.422,1.136,407,49,12.974,77.596
Muslim Colony,5.66,7.49,1.16,466,64,13.011,77.615
Muthkur Cross Shivakote,5.257,6.96,1.036,91,21,13.143,77.502
Muthugadahalli,5.002,6.63,1.022,50,16,12.725,77.48
Muthyalamadu Cross,5.088,6.602,1.038,125,9,12.72,77.69
Muthyalanagara,5.754,7.77,1.143,430,51,13.044,77.553
Muttanalluru Cross,5.877,7.76,1.192,579,68,12.887,77.738
Muttanalluru Gate,5.255,6.592,1.022,50,15,12.843,77.727
Mutturayanaswamy Temple,5.563,7.443,1.115,356,37,12.992,77.443
Mutturu,4.995,6.6,1.022,73,5,13.287,77.552
Mylanahalli,5.32,7.295,1.04,83,32,13.184,77.696
Mylanahalli Bare,4.966,6.662,1.04,95,26,13.127,77.398
Mylanahalli Gate,5.03,6.74,1.039,94,25,13.133,77.404
Mylasandra Cross,6.345,8.622,1.29,745,163,12.844,77.613
Mylasandra Road Junction,5.319,7.312,1.073,205,33,12.842,77.619
Mysore Bank,8.764,11.862,1.721,2143,269,12.973,77.582
Mysore Circle,5.057,6.932,1.024,83,3,12.961,77.56
Mysore Lamp,5.073,6.632,1.037,129,5,13.015,77.559
Mysore Road Bus Station,7.373,9.905,1.489,1502,159,12.954,77.544
Mysore Road Metro Station,7.49,9.77,1.527,1558,201,12.946,77.53
Mysore Road TollGate,7.13,9.44,1.475,1354,204,12.957,77.552
NAL Manipal Hospital,5.514,7.373,1.114,348,38,12.96,77.65
NAL/Manipal Hospital,5.92,8.102,1.178,501,79,12.96,77.651
NES Office,8.023,10.88,1.654,2031,203,13.098,77.592
NGEF,6.312,8.312,1.27,675,160,12.988,77.65
NGEF Layout Nagarabhavi,5.627,7.22,1.142,441,45,12.961,77.51
NICE Office,5.215,6.92,1.047,150,13,12.879,77.494
NICE Road,5.456,7.23,1.1,251,59,12.857,77.527
NICE Road 11th Stone,5.223,6.812,1.047,150,13,12.864,77.511
NICE Road 12th Stone,5.212,6.91,1.047,150,13,12.86,77.522
NICE Road 13th Stone,5.13,6.783,1.047,150,13,12.849,77.558
NICE Road 14th Stone,5.007,6.79,1.047,150,13,12.849,77.572
NICE Road 15th Stone,5.05,6.703,1.047,150,13,12.855,77.61
NICE Road 16th Stone,5.226,7.01,1.047,150,13,12.864,77.625
NICE Road 17th Stone,5.293,7.05,1.047,150,13,12.865,77.644
NICE Road 1St Stone,5.025,6.975,1.018,64,2,13.042,77.475
NICE Road 1st Stone,5.205,6.892,1.024,76,6,13.042,77.475
NICE Road 2nd Stone,5.134,6.818,1.042,140,8,13.032,77.476
NICE Road 3rd Stone,5.069,6.76,1.042,140,8,13.023,77.476
NICE Road 4th Stone,5.043,6.65,1.024,76,6,13.009,77.475
NICE Road 5th Stone,4.959,6.66,1.025,78,7,12.971,77.471
NICE Road 6th Stone,5.2,6.873,1.043,142,9,12.946,77.47
NICE Road 7th Stone,5.09,6.735,1.043,142,9,12.938,77.47
NICE Road 8th Stone,5.255,7.052,1.043,142,9,12.927,77.47
NICE Road 9th Stone,5.181,7.022,1.027,81,9,12.888,77.485
NICE Road Bannerughatta Road Junction,5.073,6.75,1.047,150,13,12.85,77.586
NICE Road Kanakapura Road Junction,5.487,7.25,1.093,272,36,12.858,77.526
NICE Road Kengeri Road Junction,6.122,8.142,1.212,501,140,12.903,77.469
NICE Road Magadi Road Junction,5.2,7.03,1.043,142,9,12.99,77.472
NICE Road Mysore Road Junction,5.152,6.762,1.043,142,9,12.902,77.471
NICE Road Tumkur Road Junction,5.08,6.65,1.042,140,8,13.054,77.477
NIFT College,5.229,7.02,1.05,171,9,12.912,77.652
NR Colony,5.395,7.212,1.084,263,25,12.938,77.569
NTTF Peenya,6.477,8.772,1.296,952,77,13.025,77.511
Nagadenahalli,5.072,6.672,1.017,54,4,13.285,77.599
Nagadevanahalli,5.337,7.28,1.086,255,33,12.936,77.492
Nagalakshmi Kalyana Mantapa,5.135,6.97,1.025,85,5,12.927,77.568
Nagaland Circle,5.826,7.652,1.156,518,32,13.056,77.557
Nagarabhavi Circle,6.277,8.292,1.253,767,87,12.959,77.517
Nagarabhavi Vishweshwaraiah Sports Club,5.155,6.88,1.075,254,13,12.969,77.5
Nagaraholenagara Cross,5.169,6.83,1.075,235,22,12.997,77.497
Nagaruru Cross,5.04,6.912,1.036,83,25,13.092,77.445
Nagasandra,5.135,6.78,1.018,62,3,13.039,77.5
Nagasandra Circle,5.039,6.922,1.053,181,9,12.937,77.572
Nagasandra Cross,5.629,7.65,1.134,469,17,13.038,77.505
Nagasandra Metro Station,4.998,6.65,1.026,52,22,13.048,77.499
Nagashettyhalli,5.579,7.56,1.118,414,15,13.042,77.573
Nagavara,5.682,7.77,1.15,438,59,13.038,77.623
Nagavara Junction Petrol Bunk,5.788,7.82,1.175,503,73,13.042,77.625
Nagawara Junction,7.641,10.245,1.586,1826,178,13.04,77.624
Nagenahalli,5.321,7.28,1.103,261,60,13.192,77.399
Nagenahalli Gate,5.619,7.542,1.134,324,85,13.13,77.571
Nagendra Block,5.16,7.015,1.03,86,12,12.942,77.553
Nagondanahalli,5.024,6.642,1.018,53,6,12.975,77.771
Nalku Kamba,5.152,7.022,1.024,50,18,12.852,77.452
Nallur Cross,5.2,6.742,1.036,115,9,13.202,77.771
Nanda Talkies,5.854,7.63,1.192,576,70,12.933,77.58
Nandas Hotel,4.938,6.5,1.02,73,1,12.922,77.645
Nandhini Layout,5.661,8.055,1.152,460,52,13.015,77.531
Nandi Garden Kothanur,5.288,6.873,1.082,262,22,12.867,77.566
Nandidurga Road,5.087,6.84,1.029,89,9,13.001,77.6
Nandini Cool Joint,5.295,6.935,1.04,146,2,12.913,77.645
Nandini Hotel JP Nagara,5.227,6.7,1.067,219,16,12.905,77.586
Nandini Layout Bus Stand,5.334,7.162,1.095,313,21,13.012,77.536
Nandini Layout Ring Road,5.811,7.77,1.158,478,54,13.012,77.529
Nanjappa Circle,6.007,8.27,1.229,754,51,13.068,77.56
Nanjundeshwara Stores,5.191,7.102,1.033,106,8,12.934,77.542
National College,5.703,7.48,1.161,471,63,12.949,77.574
National Games Village Gate,5.198,6.792,1.03,85,14,12.949,77.62
National Public School Ullala,5.045,6.74,1.015,53,2,12.956,77.479
National college,5.038,6.795,1.017,63,1,12.925,77.578
Navarang Theatre,7.322,9.922,1.478,1622,83,12.999,77.553
Navayuga Toll,5.429,7.13,1.115,355,37,13.201,77.661
Navayuga Toll  (Military Dairy Farm),5.213,6.748,1.058,206,5,13.05,77.593
Navayuga Toll (KIA),5.795,7.822,1.192,673,23,13.194,77.649
Navayuga Toll (Military Dairy Farm),5.271,6.962,1.042,150,4,13.05,77.593
Navodaya Nagara,5.527,7.23,1.108,361,21,12.881,77.584
Navodaya School Bagalur,5.13,6.83,1.049,107,36,13.149,77.675
Navodaya School Doddaballapura,5.279,6.91,1.072,229,20,13.269,77.552
Navya Badavane,5.109,6.672,1.044,137,13,12.787,77.654
Nayanahalli Cross,5.259,7.02,1.041,130,11,12.761,77.655
Nayandahalli,7.383,9.678,1.466,1352,189,12.943,77.526
Nayandahalli Junction,5.796,7.91,1.203,659,49,12.944,77.53
Nayara Petrol Pump Lakshmi Layout,5.36,7.182,1.065,212,16,12.891,77.588
Neeladri Nagar,5.145,6.582,1.024,73,9,12.842,77.648
Neeladri Nagar SNN Raj Neeladri Apartment,5.0,6.623,1.016,55,3,12.843,77.644
Neeladri Nagara,5.037,6.802,1.024,63,12,12.841,77.648
Neelagiri Thopu,5.454,7.42,1.116,356,38,12.996,77.502
Neelasandra BDA Complex,5.089,6.7,1.025,84,4,12.957,77.615
Neelasandra Bus Stand,5.218,6.92,1.078,268,12,12.957,77.614
Neelasandra Rose Garden,5.251,6.922,1.034,108,10,12.954,77.617
Neeleri Gate,5.022,6.7,1.023,64,10,13.259,77.706
Nelagadarenahalli,5.728,7.56,1.137,470,21,13.031,77.503
Nelagulli Cross,5.504,7.113,1.071,195,34,12.774,77.492
Nelamangala Bus Station,6.398,8.43,1.307,931,106,13.098,77.394
Nelamangala Court,5.135,6.96,1.037,105,16,13.088,77.394
Nelamangala Hunasemara,5.181,6.83,1.06,132,44,13.101,77.391
Nelamangala Hunasemara 1,5.135,6.795,1.024,55,17,13.1,77.391
Nelamangala Jass Toll,5.17,6.762,1.02,56,10,13.115,77.374
Neraluru Gate,6.076,8.272,1.193,627,47,12.792,77.728
Nettakallappa Circle,5.531,7.413,1.136,443,33,12.939,77.572
Nettigere Cross,5.157,6.873,1.058,162,26,12.761,77.487
New Baldwin International School,5.091,6.623,1.046,114,27,13.073,77.737
New Baldwin School,5.529,7.22,1.122,423,18,13.014,77.658
New Gabbadi,5.138,6.915,1.032,105,7,12.713,77.482
New Guddadahalli,7.267,9.565,1.476,1355,205,12.956,77.548
New Horizon College,6.875,9.19,1.428,1457,73,12.935,77.691
New Horizon School,5.503,7.22,1.119,394,25,12.969,77.641
New MICO Gate,5.186,7.05,1.033,79,21,12.87,77.658
Nimhans Hospital,8.274,11.27,1.649,1902,254,12.939,77.598
Nimishamba Temple,5.429,7.242,1.106,338,29,12.925,77.518
Nirmala Store,5.195,6.64,1.077,234,26,12.942,77.56
Nisarga Layout,5.158,6.742,1.033,68,26,13.072,77.453
Nobel Residency,5.067,6.68,1.029,70,18,12.859,77.612
Noor Nagara,5.493,7.38,1.121,360,45,13.08,77.634
North Road,5.584,7.295,1.098,314,26,12.948,77.571
Nursery Maragondanahalli,5.158,6.79,1.031,103,6,12.936,77.439
Nursery Nelamangala,6.181,8.125,1.236,725,77,13.09,77.409
OMEX Circle Sriramapura,5.069,6.84,1.03,99,7,12.799,77.661
Oil Mill Road Junction,5.133,6.542,1.018,53,7,13.013,77.635
Okalipura,7.283,9.86,1.49,1544,142,12.983,77.568
Old Baiyappanahalli,5.366,7.19,1.073,253,11,12.994,77.644
Omkar Hills,5.079,6.71,1.046,141,15,12.905,77.505
P and T Quarters,5.521,7.402,1.122,425,16,13.022,77.605
PES College,5.61,7.623,1.17,551,42,12.935,77.537
PVP School,5.702,7.46,1.16,496,50,12.949,77.497
Padmanabha Nagara,5.498,7.44,1.08,255,22,12.918,77.56
Palace Ground,7.178,9.842,1.506,1465,207,13.011,77.584
Palanahalli Gate,6.497,8.575,1.352,980,162,13.117,77.608
Pallavi Talkies,6.155,8.205,1.253,783,80,12.968,77.591
Palya Gate,5.574,7.58,1.118,362,38,13.221,77.682
Pandurangapura,5.027,6.602,1.02,60,8,13.269,77.661
Papanahalli Gate,5.086,6.428,1.03,103,5,13.189,77.795
Papareddypalya,5.378,7.2,1.103,315,34,12.972,77.508
Parangipalya,5.292,6.97,1.046,161,6,12.909,77.649
Parvatapura Devanahalli,4.89,6.632,1.023,64,10,13.257,77.712
Parvathi Nagara,5.347,6.935,1.087,291,18,13.016,77.52
Parvathipura,5.128,6.9,1.044,84,39,13.173,77.566
Passport Office Koramangala,5.097,6.7,1.032,87,16,12.946,77.619
Patalamma Temple,5.641,7.522,1.107,285,55,12.905,77.53
Patel Public School Kalyananagara,5.144,6.703,1.028,73,16,13.014,77.642
Pattanagere Jayanna Circle,5.643,7.45,1.134,430,35,12.926,77.514
Pattandur Agrahara Gate,7.029,9.63,1.401,1208,142,12.988,77.734
Pattareddypalya,5.448,7.22,1.091,244,46,12.794,77.505
Pattegarpalya Circle,4.975,6.703,1.024,79,6,12.976,77.526
Peddanapalya Cross,5.014,6.842,1.039,93,25,12.968,77.389
Peenya 14th Cross,5.65,7.405,1.148,483,34,13.017,77.506
Peenya 14th cross,5.588,7.42,1.15,471,45,13.016,77.506
Peenya 2nd Stage,6.204,8.005,1.245,788,64,13.011,77.507
Peenya 2nd stage,5.332,6.84,1.09,282,26,13.011,77.507
Peenya Industry Metro Station,7.044,9.382,1.45,1334,170,13.036,77.526
Peenya Metro Station,5.85,7.762,1.222,679,74,13.033,77.533
Pepsi Factory,4.966,6.66,1.02,55,9,13.143,77.345
Pepsi Gate,5.452,7.115,1.085,215,49,12.872,77.439
Periyar Nagara Circle,5.696,7.182,1.16,466,64,13.008,77.613
Philips Millenium Halasuru,5.617,7.472,1.135,330,83,12.982,77.624
Philomenas Hospital,5.675,7.45,1.127,417,28,12.965,77.61
Pinto Bore,5.213,6.992,1.034,79,23,12.871,77.45
Pipeline Vasanthapura,4.993,6.735,1.034,100,13,12.895,77.555
Poornaprajna Layout,5.504,7.28,1.111,326,44,12.909,77.536
Poornaprajna School,5.589,7.662,1.102,258,60,13.075,77.652
Poornima Talkies,5.9,7.73,1.183,594,44,12.961,77.588
Poorvankara Apartment,5.192,7.07,1.047,150,13,12.853,77.542
Postal and Telecom Colony,5.843,7.795,1.16,466,64,13.012,77.616
Pothalappa Garden,5.168,6.705,1.046,151,11,12.95,77.606
Prabasnagara,5.092,6.96,1.043,141,10,12.812,77.578
Prarthana School,5.532,7.66,1.135,407,47,12.912,77.558
Prasanna Layout,5.415,7.2,1.075,235,22,12.996,77.496
Prasanna Theatre,7.312,9.4,1.514,1573,171,12.975,77.553
Prashanth Nagara,5.669,7.58,1.129,400,41,12.976,77.531
Premium Farm Mandur,5.145,6.722,1.046,114,27,13.079,77.737
Press Layout,5.442,7.402,1.079,264,15,12.951,77.492
Prestige Shantiniketana /Manipal Hospital,5.729,7.762,1.168,416,102,12.989,77.727
Priyadarshini Layout,5.517,7.51,1.116,359,37,12.971,77.527
Purvankara Northern Destiny Bellahalli,5.453,6.992,1.118,352,43,13.096,77.636
Puttenahalli,6.64,8.825,1.355,1000,158,13.11,77.58
Puttenahallipalya,5.182,7.033,1.042,146,6,12.896,77.582
R V Dental College,5.486,7.302,1.082,270,18,12.91,77.586
R V Teachers College,5.721,7.83,1.18,581,46,12.945,77.58
RBI Layout,5.603,7.642,1.118,399,22,12.888,77.582
RC College,5.286,7.17,1.048,109,34,12.984,77.587
RINAC Factory Marenahalli,5.126,6.783,1.025,65,14,12.975,77.366
RK Apartment,5.067,6.932,1.026,72,12,13.015,77.665
RK Farm,5.306,6.812,1.079,243,25,12.759,77.704
RK Hegde Nagara,5.704,7.412,1.145,430,55,13.071,77.634
RM Guttahalli,8.348,10.72,1.626,1896,216,13.0,77.584
RMC Yard (Yashawanthapura New Railway Station),5.967,8.135,1.236,681,98,13.024,77.549
RMC Yard (Yeshawanthapura New Railway Station),5.845,7.76,1.23,691,83,13.025,77.548
RMG Factory,5.463,7.292,1.079,264,15,13.076,77.517
RMS Sanjayanagara,5.504,7.338,1.12,417,16,13.038,77.574
RMV 2nd Stage,5.491,7.29,1.108,377,14,13.042,77.58
RR Medical College,6.479,8.67,1.235,582,143,12.896,77.461
RR Nagara Petrol Bunk,5.761,7.615,1.148,469,41,12.933,77.516
RR School,5.662,7.535,1.142,453,38,12.928,77.514
RR Temple,5.832,7.89,1.147,468,40,12.927,77.511
RT Nagara Police Station,5.953,7.975,1.215,706,48,13.024,77.593
RT Nagara Post Office,5.093,6.82,1.014,50,1,13.022,77.592
RTN Post Office,5.294,6.932,1.078,248,22,13.022,77.593
RV College,6.02,8.105,1.22,549,132,12.925,77.499
RV Dental College,5.16,6.972,1.069,235,11,12.911,77.586
Radhareddy Layout,5.91,7.94,1.186,568,62,12.909,77.69
Radiant Redwood Apartment Koppa Road,5.004,6.61,1.026,66,15,12.857,77.611
Raghavendra Circle,5.109,6.59,1.027,74,13,13.02,77.674
Raghavendra Tent,5.329,7.172,1.063,197,19,13.08,77.782
Raghunathapura Doddaballapura,4.958,6.93,1.017,54,4,13.289,77.577
Raghuvanahalli Cross,5.915,7.652,1.174,443,99,12.881,77.546
Ragi Machine,5.032,6.79,1.028,87,9,12.892,77.56
Ragigudda Temple,6.326,8.32,1.3,1000,61,12.917,77.593
Ragihalli Gate,5.453,7.52,1.105,275,57,12.8,77.599
Rahamathnagara,5.249,7.07,1.092,298,23,13.018,77.592
Railway Gate,5.259,6.86,1.042,136,10,13.252,77.554
Railway Gate Bashettihalli,5.033,6.72,1.03,93,10,13.251,77.554
Railway Gate Kempapura,5.222,6.7,1.015,53,1,12.969,77.559
Railway Gate Kodigehalli,4.966,6.51,1.022,51,15,13.062,77.574
Railway Gate Lakshmisagara,5.156,6.623,1.057,154,28,12.824,77.411
Railway Gollahalli,5.054,6.632,1.019,55,7,13.147,77.418
Raitarasanthe Yalahanka,6.209,8.28,1.206,560,102,13.098,77.599
Raj Bhavan,5.199,6.972,1.06,176,23,12.984,77.593
Rajagopala Nagara Police Station,5.576,7.42,1.091,289,25,13.024,77.522
Rajagopalanagara,5.725,7.72,1.189,626,41,13.014,77.509
Rajajinagara 1st Block,5.048,6.61,1.036,118,8,13.005,77.549
Rajajinagara 2nd Block,5.805,7.652,1.154,505,36,12.996,77.551
Rajajinagara Entrance,5.551,7.27,1.162,531,38,12.984,77.557
Rajajinagara Metro Station,5.692,7.5,1.16,553,24,13.0,77.55
Rajajinagara Old Police Station,5.897,7.93,1.187,608,45,12.989,77.554
Rajanukunte,5.752,7.562,1.147,355,94,13.173,77.564
Rajapalya,5.746,7.642,1.169,418,103,12.991,77.721
Rajarajeshwari nagara Gate,7.179,9.645,1.48,1397,193,12.936,77.518
Rajarajeshwari nagara Metro Station,5.303,7.022,1.048,172,5,12.936,77.519
Rajkumar Punya Bhoomi,5.768,7.72,1.153,467,52,13.019,77.532
Rama Mandira Chamarajapet,5.146,6.855,1.06,202,12,12.957,77.564
Rama Mandira Rajajinagara,5.34,6.962,1.077,260,14,12.986,77.556
Ramagondanahalli,5.953,7.812,1.213,625,83,12.957,77.739
Ramakrishna Ashrama,6.741,9.03,1.32,1032,81,12.949,77.568
Ramakrishnapura Gate,5.289,6.992,1.094,275,38,12.779,77.702
Ramalinga Reddy Estate,5.095,6.642,1.024,74,8,12.746,77.74
Ramamurthy Nagara Alada Mara,6.01,7.953,1.185,628,32,13.011,77.677
Ramamurthy Nagara Church,5.838,7.552,1.185,628,32,13.012,77.679
Ramamurthy Nagara Manipal,5.889,7.785,1.185,628,32,13.012,77.67
Ramamurthy Nagara Police Station,5.793,7.64,1.185,628,32,13.012,77.668
Ramanahalli,5.082,6.703,1.021,59,10,13.183,77.744
Ramanjaneya Temple Nandhini Layout,5.008,6.66,1.04,116,17,13.021,77.529
Ramasandra,5.099,6.69,1.027,79,11,12.946,77.468
Ramasandra Cross,5.11,6.61,1.044,147,9,12.933,77.462
Ramaswamypalya,4.968,6.652,1.018,53,7,13.01,77.635
Rameshnagara,5.007,6.55,1.025,80,7,12.964,77.682
Ramohalli,5.547,7.51,1.087,210,55,12.907,77.419
Ramohalli Cross,5.87,7.73,1.192,455,126,12.887,77.451
Rampura,5.144,6.715,1.038,91,24,13.052,77.691
Rampura Cross,5.075,6.76,1.019,56,8,13.052,77.681
Ranga Jangama,5.195,7.042,1.024,50,18,12.856,77.453
Rani Saraladevi,5.34,7.033,1.072,242,14,12.939,77.585
Rani Saraladevi High School,5.239,6.873,1.08,264,17,12.938,77.585
Ravagodlu Gate,5.162,6.882,1.049,145,19,12.749,77.486
Ravi Tent,5.226,7.06,1.06,178,22,12.952,77.621
Ravuthanahalli Cross,6.173,7.962,1.249,750,88,13.073,77.439
Rayan Circle,7.127,9.422,1.48,1363,208,12.96,77.568
Rayasandra,5.049,6.75,1.04,108,20,12.879,77.672
Rayasandra Circle,5.082,6.84,1.024,59,15,12.876,77.671
Rayasandra Cross,5.057,6.712,1.018,54,7,13.212,77.741
Rayasandra Gate,4.973,6.783,1.024,85,2,13.234,77.727
Reliance Petrol Bunk Goraguntepalya,5.52,7.52,1.124,380,41,13.029,77.536
Renuka Nagara,5.102,6.972,1.032,66,25,13.106,77.388
Reva College Gate,5.726,7.485,1.137,404,53,13.122,77.63
Richmond Circle,8.202,10.808,1.621,1833,238,12.967,77.599
Robin Theatre,5.29,7.16,1.068,221,17,12.916,77.48
Rock Line Studio,5.039,6.652,1.018,62,3,13.041,77.496
Rolling Mill,6.32,8.812,1.293,947,74,13.027,77.515
Roopena Agrahara,7.27,9.982,1.474,1395,183,12.912,77.626
Roopena Agrahara FLY,5.15,6.703,1.04,130,9,12.912,77.626
Roopena Agrahara Toll,5.098,6.76,1.033,117,3,12.912,77.626
Royal Layout,5.235,6.822,1.033,92,15,12.869,77.576
Royal Meenakshi Mall,5.074,6.68,1.018,64,1,12.876,77.596
Royal Meenakshi Mall BG Road,5.003,6.835,1.023,79,3,12.876,77.596
Rukmini Nagara,5.606,7.545,1.146,504,22,13.041,77.505
Rupesh Hotel,5.175,6.892,1.044,140,13,12.812,77.666
Ryan International School,5.707,7.472,1.162,462,70,12.82,77.585
S Medahalli,5.246,6.9,1.038,99,21,12.824,77.786
S R S Mathikere,5.468,7.22,1.078,242,24,13.061,77.531
SAP Labs,6.012,8.16,1.225,778,33,12.978,77.714
SBI Bank,5.989,8.08,1.24,800,48,13.072,77.546
SBM Gayathri Nagara,4.997,6.51,1.017,50,6,13.0,77.56
SFS High School Hebbagodi,6.484,8.46,1.309,943,103,12.834,77.68
SI Apartment HSR Layout,7.049,9.3,1.448,1525,76,12.917,77.629
SJES College,6.05,8.122,1.202,565,92,13.023,77.715
SKF Factory,5.197,6.965,1.047,118,28,13.061,77.742
SLV Bakery,5.264,6.892,1.065,220,11,12.921,77.543
SMVIT Cross,6.027,8.27,1.224,624,104,13.152,77.621
SRS Peenya,7.168,9.735,1.452,1336,172,13.034,77.53
STRR Devanahalli Toll,5.179,6.798,1.024,85,2,13.207,77.762
Saalu Doddy,5.489,7.14,1.127,326,71,12.831,77.513
Sadahalli Gate,7.037,9.422,1.428,1425,87,13.191,77.646
Sadashivanagara Police Station,5.752,7.64,1.165,577,21,13.016,77.573
Sadhanapalya Gate,5.38,7.102,1.059,165,27,12.768,77.489
Sadhapanalli Gate,5.035,6.708,1.04,133,8,13.163,77.793
Safal Market,5.43,7.462,1.076,213,34,13.038,77.76
Sahakara Nagara Police Station,5.045,6.552,1.026,75,11,13.064,77.583
Sahakara Nagara Post Office,4.95,6.69,1.024,63,12,13.061,77.587
Sai Baba General Hospital,6.016,8.092,1.209,644,68,12.974,77.75
Sai Lakshmi Industries,5.444,7.2,1.086,249,36,13.025,77.762
Sajjan Rao Circle,5.258,7.033,1.062,180,25,12.953,77.577
Salarpuria Apartment,5.204,6.99,1.04,146,2,12.907,77.633
Saluhunase,5.59,7.35,1.119,307,66,12.811,77.511
Sambhram College,5.115,6.672,1.069,164,45,13.088,77.547
Samethanahalli,5.316,7.045,1.077,152,65,12.98,77.79
Sampangiram Nagara,5.717,7.79,1.164,467,71,12.825,77.586
Sampigehalli Bannerughatta,5.213,7.012,1.043,141,10,12.805,77.579
Sangam Circle,7.243,9.61,1.424,1399,92,12.918,77.578
Sanjay Gandhi Hospital,5.842,7.623,1.159,490,51,12.927,77.593
Sanjayanagara,5.431,7.265,1.12,417,16,13.034,77.576
SanjeeviniNagara,5.194,6.71,1.029,67,20,13.058,77.591
Sanna Amanikere,5.646,7.27,1.119,364,39,13.234,77.695
Sannathammanahalli,5.275,6.772,1.076,213,34,13.048,77.761
Santekatte,5.479,7.422,1.12,310,67,12.807,77.511
Santhe Gate,5.295,7.0,1.032,66,25,13.077,77.795
Sapthagiri College,6.065,8.14,1.233,674,96,13.067,77.503
Sapthagiri Convention Hall,5.905,7.79,1.186,537,76,13.051,77.757
Sapthagiri Hospital,6.056,7.902,1.231,670,94,13.071,77.504
Sapthagiri Layout,5.741,7.635,1.149,449,52,13.104,77.611
Sarakki,6.224,8.355,1.26,729,118,12.91,77.573
Sarala Birla Academy,5.572,7.44,1.118,317,59,12.812,77.584
Saraswathi Nagara,5.738,7.67,1.116,359,37,12.974,77.53
Saraswathipuram,5.394,7.37,1.093,309,20,13.009,77.538
Sarathi Nagara,5.082,6.82,1.033,92,15,12.874,77.573
Sarayipalya,5.811,7.6,1.175,503,73,13.047,77.629
Sarjapura,5.908,7.76,1.202,617,67,12.861,77.786
Sarjapura Circle,6.033,7.94,1.23,687,84,12.861,77.783
Sarjapura Ring Road Junction,7.127,9.222,1.457,1564,74,12.921,77.666
Sarjapura Road Ibbaluru Junction,5.117,6.87,1.041,135,9,12.92,77.665
Sarjapura Wipro Campus,5.857,7.812,1.173,533,55,12.899,77.714
Sathanur,5.689,7.512,1.134,399,50,13.132,77.647
Sathanur Colony,5.493,7.333,1.134,399,50,13.128,77.647
Sathya Sai Baba Mandir,5.485,7.312,1.098,280,41,13.001,77.758
Sathya Sai Hospital,6.084,7.95,1.237,807,40,12.983,77.728
Savandarbar Ashrama,5.249,6.79,1.046,141,15,12.91,77.492
Savukanahalli Gate,5.074,6.62,1.023,64,10,13.258,77.696
Seegehalli Gate,5.349,7.22,1.118,290,72,12.984,77.444
Seegehalli Gate  Kadugodi,5.461,7.41,1.094,274,38,13.013,77.761
Seetha Circle,5.722,7.82,1.167,551,36,12.937,77.549
Seventh Day School (Coles Park),5.665,7.623,1.152,516,27,12.996,77.611
Shaneshwaraswamy Temple Sheshagirihalli,5.267,6.92,1.049,139,21,12.843,77.421
Shanimahathma Temple,5.983,7.685,1.2,547,96,12.716,77.695
Shankanipura Gate,5.239,7.113,1.062,194,18,13.107,77.776
Shankar Mutt,6.377,8.662,1.274,974,28,12.999,77.541
Shankara Nagara,5.216,6.912,1.045,137,16,13.016,77.544
Shankarnagh Bus Stand,5.302,7.12,1.08,287,6,12.995,77.527
Shanthi Talkies,5.041,6.722,1.053,181,9,12.937,77.579
Shanthinagara,4.947,6.482,1.017,52,6,13.026,77.473
Shanthinagara Bus Station,7.807,10.3,1.55,1726,163,12.954,77.593
Shanubhoganahalli,5.357,7.17,1.029,76,16,12.961,77.325
Shanubhoganahalli Gate (Dibbur Cross),5.08,6.772,1.031,54,29,13.173,77.53
Sharada Colony,5.142,6.645,1.023,69,9,12.992,77.534
Sharadanagara,5.005,6.425,1.028,87,9,12.892,77.56
Sharavathi Hotel,7.093,9.37,1.428,1451,75,13.098,77.584
Shastri Bakery,5.177,6.68,1.044,136,13,12.923,77.574
Shell Petrol Bunk,5.444,7.265,1.086,249,36,13.018,77.762
Sheshadripuram College,7.734,10.032,1.548,1747,149,13.1,77.588
Sheshagirihalli,5.398,7.23,1.068,181,36,12.844,77.421
Shettigere,5.036,6.502,1.026,72,12,13.179,77.667
Shettyhalli Cross,5.791,7.745,1.172,576,33,13.05,77.525
Shine Bakery,4.965,6.61,1.03,94,8,12.951,77.624
Shirke KHB Quarters,5.435,7.502,1.097,277,41,12.931,77.488
Shivagiri Choultry Vijyapura,5.248,6.892,1.035,108,11,13.295,77.791
Shivaji Hotel,5.168,6.783,1.076,243,21,12.943,77.476
Shivajinagara Bus Station,9.477,12.442,1.942,2792,354,12.983,77.603
Shivakote,5.245,6.93,1.04,99,25,13.134,77.515
Shivakote Cross,4.986,6.572,1.032,84,17,13.136,77.513
Shivananda Store,7.353,9.69,1.497,1441,203,12.987,77.579
Shobha Apartment,5.112,6.74,1.024,74,8,12.74,77.735
Shobha Tulip JP Nagara,5.265,7.04,1.068,221,17,12.898,77.586
Shoolay Circle Brigade Road,5.702,7.59,1.112,365,26,12.967,77.607
Shopping Complex HMT,5.179,6.86,1.038,122,10,13.05,77.537
Shri Vidhyanagara,4.95,6.542,1.029,97,6,12.934,77.54
Shrinivagilu Ejipura,5.656,7.542,1.109,354,27,12.939,77.633
Shrunga School Devangondi,5.254,6.932,1.026,55,21,12.974,77.833
Shrusti School Yalahanka,5.475,7.44,1.071,251,7,13.107,77.576
Siddaganga College,5.128,7.002,1.037,106,15,13.082,77.393
Siddaiah Puranik Road Junction,5.375,7.1,1.094,325,14,12.982,77.537
Siddanayakanahalli,5.163,6.732,1.022,73,5,13.298,77.55
Siddapura,6.156,8.422,1.225,663,86,12.956,77.731
Siddapura Ashoka Pillar,5.46,7.41,1.093,307,21,12.946,77.589
Siddartha International School,4.988,6.613,1.02,60,7,13.029,77.488
Siddartha School Cross,5.53,7.15,1.116,409,13,13.026,77.489
Siemens,5.474,7.23,1.134,411,44,12.846,77.662
Silk Farm,5.18,6.783,1.038,99,21,12.817,77.785
Silk Institute Metro Station,5.51,7.495,1.102,260,59,12.862,77.53
Silk Institute metro station,5.214,6.81,1.045,123,22,12.862,77.53
Singaianapalya Phoenix,5.898,7.792,1.172,421,106,12.996,77.695
Singanayakanahalli Gate,5.777,7.71,1.128,315,79,13.148,77.57
Singapura,5.119,6.78,1.042,139,9,13.08,77.538
Singarapura,5.317,7.302,1.045,127,20,13.1,77.744
Singasandra,7.131,9.525,1.415,1245,149,12.879,77.647
Singasandra FLY,5.25,6.83,1.056,185,13,12.877,77.647
Singena Agrahara Cross Fruits Market,5.09,6.7,1.042,84,34,12.842,77.687
Sir M Vishweshwaraiah Railway Station,5.998,7.89,1.188,682,13,12.998,77.641
Sirsi Circle,7.59,10.122,1.588,1678,251,12.96,77.557
Soladevanahalli Police Station,5.394,7.193,1.092,239,51,13.093,77.489
Solur Gate,5.095,6.71,1.02,60,8,13.27,77.656
Somanahalli Gate,5.189,6.79,1.088,238,44,12.781,77.497
Sompura Gate,6.08,8.122,1.189,580,62,12.862,77.772
Sonal Garments Laggere Cross,5.064,6.65,1.038,112,14,13.022,77.526
Sondekoppa,5.127,6.67,1.038,110,16,13.021,77.384
Sondekoppa Circle Nelamangala,5.06,6.7,1.039,109,18,13.092,77.395
Sonnallipura,4.982,6.69,1.016,50,5,13.135,77.79
Sonnappanahalli,5.204,6.94,1.063,167,33,13.108,77.666
Sonnenahalli,5.613,7.535,1.117,350,43,12.942,77.479
Sonnenahalli Bridge,5.332,7.03,1.079,252,22,12.942,77.483
Sony World 100ft Road  Koramangala,5.592,7.222,1.137,442,34,12.938,77.628
Sony World 80ft Road Koramangala,5.626,7.402,1.087,271,27,12.938,77.626
Sophiya School,5.739,7.432,1.152,468,49,12.986,77.589
Sophiya School (KIA),5.378,7.25,1.05,174,7,12.986,77.59
Sorahunse Gate,5.181,6.73,1.026,63,17,12.943,77.751
South End Circle,6.075,7.865,1.237,730,77,12.936,77.58
Sowdamini Kalyana Mantapa,5.508,7.34,1.129,395,43,12.884,77.567
Sowthegowdanahalli,5.245,7.052,1.024,85,2,13.231,77.73
Spriling School,5.194,6.962,1.029,80,13,13.138,77.744
Sri Banashankari Layout,5.144,6.613,1.031,54,29,13.172,77.558
Sri Ramanahalli,5.352,6.99,1.09,257,39,13.195,77.563
Sridhara Gudda,5.039,6.61,1.022,59,12,12.899,77.488
Srigandhada Kaval,4.841,6.62,1.018,57,6,12.979,77.502
Srikanteshwara Park,5.046,6.7,1.026,82,7,12.926,77.554
Srinagara Bus Station,5.167,7.06,1.046,149,11,12.944,77.555
Srinavasa Temple,5.493,7.21,1.111,349,32,13.008,77.545
Srinivasa Kalyana Mantapa,5.008,6.89,1.067,226,12,12.926,77.544
Srinivasa Nagara,5.778,7.642,1.16,525,36,12.938,77.557
Srinivasa Nagara PattegarPalya,5.129,6.655,1.024,78,5,12.976,77.523
Srinivasa Temple,5.268,7.02,1.052,163,15,13.008,77.545
Srinivasapura Cross,5.853,7.693,1.18,525,71,13.075,77.365
Srinivasapura Kogilu,5.69,7.495,1.137,420,45,13.103,77.623
Sriram Properties,5.052,6.56,1.038,99,21,12.811,77.785
Srirama Layout Avalahalli Road,5.11,6.665,1.03,84,13,13.04,77.729
Srirama Reddy Layout,5.007,6.82,1.022,67,7,12.972,77.682
Sriramapura Bommasandra Road,5.253,6.85,1.044,140,13,12.802,77.662
Sriramapura Circle,5.09,6.79,1.023,52,16,13.067,77.61
Sriramapura Cross,4.966,6.7,1.022,50,15,13.068,77.613
Srirangam Silk House HSR Layout,5.385,6.912,1.081,296,5,12.912,77.635
St Francis School,5.464,7.295,1.088,257,34,12.889,77.626
St Johns Hospital,7.416,9.85,1.487,1398,204,12.929,77.616
St Joseph Boys High School Musuem Road,5.116,7.185,1.04,127,12,12.972,77.604
St Joseph College,6.372,8.55,1.274,761,127,12.97,77.604
St Josephs Indian School/ Malya Hospital,6.561,8.77,1.337,929,159,12.971,77.594
St Marthas Hospital,7.827,10.352,1.608,1790,235,12.969,77.587
St Marys School,5.307,6.943,1.072,199,33,12.846,77.61
St Patrick Church,5.553,7.51,1.107,353,24,12.97,77.605
St francis College,5.563,7.24,1.104,291,48,12.924,77.631
State Bank India Garage,4.996,6.64,1.042,137,9,12.974,77.602
State Bank of India,6.094,8.06,1.234,744,65,13.05,77.553
Steel Factory Banasawadi,5.541,7.595,1.124,426,20,13.013,77.649
Subbaiah Circle,6.096,7.92,1.238,740,73,12.963,77.591
Subbarayappanapalya Cross,5.308,7.01,1.068,151,49,12.889,77.438
Subbayyanapalya/Ayyappa Temple,5.843,7.652,1.168,534,46,13.008,77.641
Subramanya Swamy Temple,5.784,7.682,1.197,628,54,12.942,77.562
Subramanyanagara,4.989,6.725,1.021,60,9,13.004,77.561
Subramanyapura KEB,5.206,6.96,1.04,111,18,12.898,77.546
Subramanyapura Police Station,5.097,6.85,1.047,135,20,12.901,77.544
Subramanyapura Post Office,5.054,6.672,1.048,136,21,12.899,77.544
Sujatha Talkies,6.211,8.07,1.287,941,66,12.983,77.562
Sulibele,5.115,6.75,1.04,133,8,13.187,77.803
Sulibele KEB,5.245,6.892,1.068,236,9,13.186,77.8
Sulikere,5.105,6.842,1.041,145,5,12.939,77.448
Sulikere Cross,5.407,7.145,1.064,221,9,12.935,77.447
Sulikunte,5.935,8.022,1.174,537,55,12.892,77.729
Sultan palya,5.23,6.94,1.063,207,15,13.027,77.604
Sultanpalya Cross Pushpanjali Talkies,5.839,7.91,1.192,652,34,13.022,77.602
Summanahalli,8.009,10.522,1.603,1788,226,12.988,77.52
Sun Valley Public School Thimmsandra,5.185,6.652,1.058,186,15,13.129,77.774
Sundara Nagara,5.063,6.693,1.032,77,21,13.071,77.423
Sunkadakatte,7.039,9.582,1.406,1175,166,12.99,77.502
Super Talkies (Cottonpet Hospital),5.332,7.14,1.075,207,35,12.968,77.57
Surabhi Layout,5.701,7.67,1.134,416,42,12.867,77.582
Suradenapura Gate,5.325,7.05,1.09,257,39,13.204,77.559
Suragajakkanahalli,5.098,6.855,1.038,125,9,12.74,77.669
Surya Nagara,5.618,7.338,1.151,472,45,12.791,77.706
Suryacity Gate,5.484,7.392,1.119,358,43,12.793,77.706
Swabhiman Park,5.063,6.75,1.02,73,1,12.912,77.642
Swabiman Park,5.001,6.623,1.02,73,1,12.912,77.641
Swami Narayana Gurukula,5.358,7.123,1.085,215,49,12.867,77.437
Swamy Vivekananda Metro Station/Isolation Hospital,6.454,9.05,1.31,802,172,12.985,77.643
Swastik Sheshadripuram College,6.759,9.08,1.375,1115,140,12.988,77.574
Syndicate Bank,5.473,7.32,1.112,367,25,12.947,77.564
Syndicate Bank Layout,5.569,7.335,1.132,459,18,12.998,77.489
Systems Peenya,6.44,8.492,1.326,1056,81,13.035,77.518
T Begur,5.044,6.79,1.02,55,9,13.15,77.34
T Dasarahalli,7.663,10.19,1.496,1416,212,13.043,77.513
T John College,6.211,8.172,1.239,682,102,12.849,77.588
TB Nelamangala,6.023,8.23,1.236,725,77,13.097,77.401
TC Palya,5.136,6.93,1.025,71,11,13.022,77.7
TC Palya  Gate Hosakote Road,6.085,8.242,1.219,599,106,13.017,77.704
TCI,6.365,8.52,1.25,719,104,13.059,77.465
TG Halli Quarters,5.035,6.462,1.025,65,14,12.953,77.336
TISB Boys Hostel,5.136,6.902,1.043,103,27,12.892,77.75
TR Mill,5.083,6.77,1.035,112,9,12.957,77.559
TV Tower,6.519,8.422,1.314,979,95,13.01,77.591
TVS Cross Peenya,6.997,9.305,1.376,1220,93,13.029,77.52
Tata Institute,7.697,10.322,1.596,1793,213,13.014,77.568
Tata Silk Farm,5.159,6.892,1.044,136,13,12.936,77.574
Tavakkal Hospital,5.215,7.08,1.073,186,42,13.106,77.664
Tavarekatte,5.158,6.94,1.032,64,26,12.912,77.383
Tavarekere,5.558,7.28,1.144,403,65,12.966,77.4
Telephone Exchange AGO/VSD,5.749,7.902,1.127,367,52,12.982,77.589
Tennis Court Thindlu,4.959,6.752,1.024,58,16,13.068,77.569
Thabarahalli,5.64,7.565,1.139,404,56,13.189,77.644
Thagachaguppe,5.195,6.912,1.053,131,33,12.96,77.29
Thalagattapura,5.655,7.47,1.156,398,89,12.87,77.537
Thalagattapura Metro Station,5.606,7.26,1.104,268,59,12.871,77.539
Thalaghattapura Metro Station,5.222,7.085,1.042,109,24,12.871,77.538
Thanisandra,5.868,7.892,1.171,496,70,13.056,77.632
Tharabanahalli,5.626,7.38,1.104,260,61,13.19,77.628
Tharabanahalli Choultry,5.247,6.932,1.085,230,43,13.105,77.479
Thattanalli Gate,4.953,6.66,1.022,68,7,12.735,77.731
The Golden Palm Resort Nagarur colony Nelamangala,5.247,7.175,1.03,63,24,13.089,77.446
The HSR Club,5.378,7.232,1.04,146,2,12.909,77.645
Thellahalli Gate,4.927,6.613,1.024,85,2,13.221,77.748
Thigalara Chowdenahalli Cross,5.827,7.705,1.187,571,63,12.882,77.757
Thigalarapalya,5.526,7.172,1.123,422,19,13.017,77.483
Thimmasandra Gate,5.14,6.77,1.059,188,16,13.124,77.773
Thimmayya Garden,5.203,7.092,1.052,174,10,13.018,77.599
Thindlu,5.022,6.902,1.029,65,20,13.234,77.594
Thippasandra,5.345,7.14,1.106,299,47,12.874,77.556
Thippasandra Market,5.143,6.882,1.034,100,14,12.972,77.651
Thippennahalli,4.984,6.74,1.017,56,3,13.037,77.487
Thippennahalli Cross,4.994,6.732,1.02,60,7,13.029,77.484
Thirumala Dhaba,6.539,8.682,1.317,1093,47,13.098,77.563
Thirumala Theatre,4.896,6.4,1.02,73,1,12.919,77.649
Thirumalapura,5.286,6.84,1.088,233,46,13.125,77.484
Thirumalashettyhalli  Cross,5.41,7.43,1.082,160,69,12.986,77.781
Thirumenahalli Cross (KNS College),5.439,7.212,1.121,360,45,13.089,77.635
Thirumenahalli Gate,5.267,7.04,1.05,145,20,13.11,77.745
Thogur Cross,5.121,6.752,1.046,134,19,12.844,77.644
Thonachinakuppe,4.971,6.79,1.02,55,9,13.142,77.348
Thore Nagasandra Cross,5.342,6.84,1.085,230,43,13.112,77.482
Thotagere Basavanna Devastana,5.13,6.89,1.027,64,18,13.138,77.454
Thubarahalli,5.685,7.48,1.212,624,81,12.956,77.721
Thunga Nagara,5.237,6.805,1.051,177,7,12.992,77.485
Thunganagara Cross,5.186,7.03,1.051,177,7,12.986,77.485
Thyagaraja Nagara,5.405,7.26,1.077,251,19,12.932,77.568
Thyagaraja Nagara KEB Quarters,5.333,7.142,1.077,251,19,12.935,77.568
Thyavakanahalli Gate,5.051,6.535,1.038,99,21,12.828,77.786
Tin Factory,9.038,12.05,1.827,2428,322,12.996,77.669
Tirumagondanahalli,5.982,7.932,1.196,633,50,12.794,77.722
Town Hall,10.428,14.235,2.085,3049,487,12.964,77.584
Town Hall 1,5.148,7.04,1.051,172,10,12.964,77.584
Trinity Circle,5.197,6.92,1.071,213,26,12.971,77.62
Trumpet (KIA),6.343,8.37,1.291,1029,32,13.197,77.655
Tumkur Road Junction,5.171,6.943,1.039,83,30,13.098,77.385
Udayapura,5.481,7.31,1.111,287,62,12.813,77.512
Udipalya,5.83,7.842,1.134,348,73,12.82,77.513
Ullala Lake,5.387,6.99,1.086,300,12,12.959,77.479
Ullala Satelite Town,5.52,7.392,1.071,241,13,12.963,77.475
Ullala Satellite Town Cross,5.278,6.98,1.08,271,14,12.962,77.479
Ullalu,5.145,6.863,1.046,163,5,12.956,77.48
Ullalu Village,5.04,6.79,1.026,85,6,12.956,77.48
Univesity Quarters,5.257,6.75,1.054,159,21,12.953,77.5
Upkar Layout Cross,5.383,7.22,1.068,235,9,12.964,77.48
Upparahalli (Kumbalahalli Gate),5.223,6.783,1.06,188,17,13.089,77.781
Uttarahalli,5.362,7.11,1.095,284,35,12.906,77.543
Uttarahalli Bus Stand,5.076,6.76,1.042,119,19,12.905,77.543
Uttarahalli Water Tank,5.215,6.873,1.06,181,21,12.908,77.535
VBHC Apartment Gate,5.372,7.113,1.079,243,25,12.757,77.705
Vaddarapalya,5.026,6.63,1.079,217,38,12.844,77.612
Vaderahalli Cross,4.95,6.522,1.034,78,23,13.099,77.445
Vaiyali Kaval,5.175,7.0,1.063,215,10,12.999,77.578
Vaiyalikaval Police Station,5.222,7.07,1.064,216,11,13.002,77.578
Vajarahalli Metro Station,5.636,7.498,1.16,405,92,12.877,77.545
Vajramuneshwara Gate,5.579,7.453,1.145,370,82,12.865,77.533
Valepura Cross,5.146,6.68,1.022,52,14,12.946,77.767
Valepura Gate,5.025,6.74,1.022,52,14,12.949,77.772
Vannarapet,5.239,7.062,1.052,159,18,12.956,77.621
Varadenahalli Handpost,5.231,6.78,1.022,59,12,12.955,77.312
Varthur Kodi,6.042,8.052,1.199,556,91,12.957,77.745
Varthur kodi,5.373,7.193,1.097,287,36,12.959,77.746
Varthuru,5.525,7.6,1.16,399,96,12.986,77.402
Varthuru Govt College,5.542,7.44,1.142,337,92,12.942,77.747
Varthuru Police Station,5.551,7.512,1.123,292,81,12.938,77.746
Vasantha Nagara,7.154,9.41,1.456,1371,162,12.993,77.595
Vasanthanagara,5.132,6.712,1.045,151,9,12.994,77.595
Vasanthappa Block,5.418,7.382,1.108,346,28,13.026,77.589
Vasanthapura,5.185,6.703,1.044,127,19,12.896,77.552
Vasudev Adigas Hotel,5.25,6.875,1.04,146,2,12.911,77.632
Vasudevapura,5.262,7.14,1.028,63,19,12.798,77.52
Veerabhadra Nagara,5.189,6.873,1.05,147,19,12.938,77.534
Veerabhadranagara,5.386,7.033,1.125,418,24,12.938,77.533
Veeraiah Enclave Arishinakunte,4.873,6.49,1.032,77,21,13.074,77.423
Veeranjaneya Temple,5.363,7.038,1.057,154,28,12.829,77.413
Veerannapalya,6.783,9.19,1.416,1338,108,13.043,77.614
Veerasandra,6.492,8.812,1.327,975,120,12.84,77.677
Velankani Drive,5.195,6.82,1.049,148,17,12.851,77.657
Venkatala,8.203,11.262,1.64,1995,195,13.111,77.605
Venkatapura Gate Lakkondahalli,5.227,6.642,1.059,188,16,13.115,77.774
Venkateshapura,5.732,7.748,1.16,466,64,13.016,77.618
Venkateshwara Layout,5.502,7.292,1.11,375,19,12.993,77.489
Venugopala Nagara,4.993,6.712,1.018,62,3,13.04,77.494
Veterinary Hospital,7.636,10.468,1.554,1567,244,13.03,77.587
Vidhana Soudha Karnataka High Court,6.919,9.052,1.416,1222,161,12.978,77.591
Vidyamanyanagara,5.447,7.23,1.121,417,18,13.005,77.487
Vidyanagara Cross,5.51,7.312,1.08,228,35,13.161,77.627
Vidyanagara Cross Chikkajala,5.37,7.152,1.116,319,55,13.161,77.627
Vidyaniketan Public School,5.308,7.252,1.079,264,16,12.951,77.486
Vidyaranyapura,5.61,7.422,1.125,396,35,13.084,77.56
Vidyaranyapura Bus Station,5.141,6.82,1.081,274,15,13.084,77.561
Vidyaranyapura Post Office,5.852,7.572,1.16,511,43,13.077,77.558
Vidyasagara,5.672,7.54,1.175,503,73,13.046,77.628
Vigneshwara Nagara,5.172,6.922,1.022,53,14,12.993,77.499
Vijaya Bank Bannerughatta,5.694,7.49,1.162,462,70,12.816,77.583
Vijaya Bank Colony Ring Road,6.622,8.78,1.342,1082,96,13.017,77.66
Vijaya College,5.485,7.325,1.12,380,34,12.94,77.58
Vijayanagara,7.372,9.682,1.469,1542,106,12.974,77.538
Vijayanagara Garage,7.219,9.71,1.434,1438,92,12.966,77.536
Vijayanagara Vijaya Bank,5.936,7.67,1.206,679,45,12.974,77.542
Vijayapura Bus Stand Jangamakote,5.254,7.11,1.058,170,23,13.295,77.802
Vijayapura Cross,5.35,7.042,1.064,182,28,13.257,77.717
Vijayapura Toll Gate,4.934,6.453,1.021,59,9,13.292,77.806
Vinayaka Layout Nagarabhavi,5.571,7.402,1.142,441,45,12.961,77.507
Vinayaka Nagara,5.303,7.03,1.04,131,9,13.083,77.543
Vinayaka Nagara Cross,5.14,7.042,1.032,77,20,13.068,77.422
Vinayaka Talkies,6.165,8.3,1.22,668,75,12.963,77.568
Vinayakanagara Ramohalli,5.23,7.14,1.057,128,41,12.903,77.43
Vinayakanagara Varthur,5.202,6.783,1.099,231,66,12.929,77.74
Virupakshapura,5.219,6.855,1.024,58,16,13.064,77.572
Vishal Mart 4th Phase Yelahanka,5.098,6.94,1.028,103,2,13.104,77.577
Vishwa Shanti Ashrama,6.228,8.17,1.236,725,77,13.084,77.417
Vishwanathapura,5.059,7.08,1.023,63,11,13.272,77.649
Vishwapriya Layout Cross,5.278,6.84,1.084,248,33,12.882,77.625
Vittasandra Cross,4.979,6.61,1.046,136,18,12.844,77.635
Vivek Nagara Cross,5.304,7.062,1.036,105,15,12.955,77.621
Vivekananda College,5.025,6.74,1.026,78,10,13.008,77.554
Vivekananda Vidyavardhaka School,5.226,7.05,1.028,66,19,13.14,77.47
Vokkaliga School Kottigepalya,5.413,6.962,1.102,311,34,12.986,77.512
WIMAC Junction,5.382,7.15,1.077,239,24,13.069,77.53
Water Tank,5.02,6.76,1.019,58,6,12.908,77.562
Water Tank Chamarajapet,6.603,8.765,1.356,1006,157,12.96,77.565
Water Tank Kamalanagara,5.479,7.37,1.101,358,10,12.995,77.54
Water Tank Kothanur Dinne,5.355,7.262,1.108,361,21,12.874,77.584
Weavers Colony Nelamangala,5.886,7.93,1.235,723,76,13.094,77.406
West Cross Kumaraswamy Layout,5.176,6.802,1.023,58,13,12.901,77.56
Wheel And Axle Plant,6.17,8.31,1.243,625,137,13.106,77.582
White Field Bus Station (Vydehi Hospital),6.338,8.66,1.257,877,43,12.976,77.727
White Field Post Office,6.063,7.98,1.226,691,75,12.971,77.75
Whitefiled ACP Police Station,5.153,6.832,1.045,122,23,12.975,77.751
Widia Factory,6.245,8.112,1.242,678,109,13.049,77.497
Widia School,6.356,8.42,1.252,724,106,13.051,77.508
Wilson Garden 10th Cross,5.913,7.838,1.179,564,52,12.948,77.598
Wilson Garden 12th Cross,5.555,7.41,1.16,480,58,12.947,77.598
Wilson Garden 14th Main,5.216,6.863,1.023,78,4,12.947,77.601
Wilson Garden Police Station,6.755,9.19,1.378,1181,114,12.951,77.595
Wipro Gate Shikaripalya Cross,5.663,7.352,1.151,460,51,12.839,77.659
Wipro Park Koramangala,5.268,6.982,1.06,198,13,12.929,77.633
YAPB Toll,5.194,6.922,1.064,163,37,13.213,77.554
YAPB Toll (Volvo),5.058,6.62,1.026,94,2,13.213,77.554
YHK Hospital,4.921,6.352,1.026,57,20,12.779,77.637
YMC Nandhidurga Road,5.004,6.712,1.022,70,6,12.996,77.602
YMCA Public School,5.229,6.882,1.034,79,23,12.874,77.448
Yadalam Nagara,5.019,6.695,1.04,111,18,12.896,77.548
Yadamadu Kanakapura Road,5.091,6.792,1.034,110,9,12.735,77.488
Yadavanahalli,5.812,7.732,1.187,616,42,12.785,77.751
Yadiyuru,5.771,7.703,1.149,425,64,12.931,77.576
Yalachaguppe,5.209,6.98,1.028,97,4,12.959,77.421
Yalachenahalli,6.042,7.968,1.244,670,117,12.898,77.572
Yalachenahalli Metro Station,5.595,7.502,1.166,480,69,12.896,77.57
Yalahanka Bakery,5.197,7.03,1.05,170,9,13.103,77.577
Yalahanka Police Station,6.189,8.372,1.218,588,110,13.095,77.594
Yalahanka Satellite Town,7.068,9.562,1.424,1446,71,13.096,77.579
Yale Kodigehalli,4.976,6.73,1.021,68,6,12.977,77.465
Yale Kodigehalli Colony,5.006,6.642,1.021,68,6,12.983,77.468
Yamalur Cross,6.555,8.875,1.277,819,106,12.955,77.688
Yamare,5.847,7.8,1.188,578,61,12.872,77.766
Yanagunte,5.196,6.812,1.039,133,7,13.158,77.791
Yarab Nagara,5.313,7.12,1.051,162,14,12.916,77.569
Yarandahalli,5.252,6.93,1.046,142,15,12.804,77.663
Yarayyanapalya,5.942,7.92,1.185,628,32,13.011,77.673
Yelahanka Old Town,6.921,8.92,1.452,1488,100,13.101,77.594
Yelahanka Santhe Circle,8.678,11.368,1.729,2285,216,13.099,77.597
Yeshawanthapura,5.209,7.14,1.04,136,7,13.019,77.558
Yeshawanthapura Bus Station,9.234,12.342,1.878,2755,260,13.018,77.557
Yeshawanthapura Circle,5.43,7.18,1.085,242,37,13.019,77.558
Yeshawanthapura Market,4.991,6.94,1.033,117,4,13.02,77.556
Yeshawanthapura New Railway Station,5.054,6.635,1.017,54,4,13.023,77.551
Yeshawanthapura Railway Station,5.107,6.882,1.032,114,4,13.022,77.553
Yeshawanthapura Tollgate,6.554,8.848,1.321,995,101,13.018,77.561
